
INSERT INTO `proactive_block_weight_ratio` (`id`, `created`, `created_by`, `modified`, `modified_by`, `proactive_block`, `ratio`) VALUES
(1, '2014-05-05 20:18:39', 'admin', NULL, NULL, 'CPI Score', 20),
(2, '2014-05-05 20:18:39', 'admin', NULL, NULL, 'Revenues', 10),
(3, '2014-05-05 20:18:39', 'admin', NULL, NULL, 'Sales Model Relationships', 15),
(4, '2014-05-05 20:18:39', 'admin', NULL, NULL, 'Nature Of Business Operations', 15),
(5, '2014-05-05 20:18:39', 'admin', NULL, NULL, 'Government Interactions', 40);

ALTER TABLE user MODIFY password text;
INSERT INTO `user` (`id`, `created`, `created_by`, `modified`, `modified_by`, `is_active`, `email`, `password`, `role`, `user_name`, `user_type_id`, `user_type`) VALUES
(1, '2014-02-04 13:57:29', 'admin', '2014-02-06 13:05:50', 'anonymousUser', b'1', 'sumonict08@gmail.com', 'a665a45920422f9d417e4867efdc4fb8a04a1f3fff1fa07e998e86f7f7a27ae3', 'ROLE_ADMIN', 'admin', 15438, 'Employee');

 # added by amjad  Thu Jun 20 17:14:20 BDT 2013

INSERT INTO `region` (`id`, `created`, `created_by`, `modified`, `modified_by`, `code`, `name`) VALUES
(1, '2013-02-12 00:00:00', 'admin', '2013-02-12 00:00:00', 'admin', 'AE', 'United Arab Emirates'),
(2, '2013-02-12 00:00:00', 'admin', '2013-02-12 00:00:00', 'admin', 'AF', 'Afghanistan'),
(3, '2013-02-12 00:00:00', 'admin', '2013-02-12 00:00:00', 'admin', 'AL', 'Albania'),
(4, '2013-02-12 00:00:00', 'admin', '2013-02-12 00:00:00', 'admin', 'AM', 'Armenia'),
(5, '2013-02-12 00:00:00', 'admin', '2013-02-12 00:00:00', 'admin', 'AO', 'Angola'),
(6, '2013-02-12 00:00:00', 'admin', '2013-02-12 00:00:00', 'admin', 'AR', 'Argentina'),
(7, '2013-02-12 00:00:00', 'admin', '2013-02-12 00:00:00', 'admin', 'AT', 'Austria'),
(8, '2013-02-12 00:00:00', 'admin', '2013-02-12 00:00:00', 'admin', 'AU', 'Australia'),
(9, '2013-02-12 00:00:00', 'admin', '2013-02-12 00:00:00', 'admin', 'AZ', 'Azerbaijan'),
(10, '2013-02-12 00:00:00', 'admin', '2013-02-12 00:00:00', 'admin', 'BA', 'Bosnia Herzegovina'),
(11, '2013-02-12 00:00:00', 'admin', '2013-10-07 15:32:59', 'admin', 'BD', 'Bangladesh'),
(12, '2013-02-12 00:00:00', 'admin', '2013-02-12 00:00:00', 'admin', 'BE', 'Belgium'),
(13, '2013-02-12 00:00:00', 'admin', '2013-02-12 00:00:00', 'admin', 'BF', 'Burkina Faso'),
(14, '2013-02-12 00:00:00', 'admin', '2013-02-12 00:00:00', 'admin', 'BG', 'Bulgaria'),
(15, '2013-02-12 00:00:00', 'admin', '2013-02-12 00:00:00', 'admin', 'BI', 'Burundi'),
(16, '2013-02-12 00:00:00', 'admin', '2013-02-12 00:00:00', 'admin', 'BJ', 'Benin'),
(17, '2013-02-12 00:00:00', 'admin', '2013-02-12 00:00:00', 'admin', 'BN', 'Brunei Darussalam'),
(18, '2013-02-12 00:00:00', 'admin', '2013-02-12 00:00:00', 'admin', 'BO', 'Bolivia'),
(19, '2013-02-12 00:00:00', 'admin', '2013-02-12 00:00:00', 'admin', 'BR', 'Brazil'),
(20, '2013-02-12 00:00:00', 'admin', '2013-02-12 00:00:00', 'admin', 'BT', 'Bhutan'),
(21, '2013-02-12 00:00:00', 'admin', '2013-02-12 00:00:00', 'admin', 'BW', 'Botswana'),
(22, '2013-02-12 00:00:00', 'admin', '2013-02-12 00:00:00', 'admin', 'BY', 'Belarus'),
(23, '2013-02-12 00:00:00', 'admin', '2013-02-12 00:00:00', 'admin', 'BZ', 'Belize'),
(24, '2013-02-12 00:00:00', 'admin', '2013-09-25 11:39:53', 'admin', 'CA', 'Canada'),
(25, '2013-02-12 00:00:00', 'admin', '2013-02-12 00:00:00', 'admin', 'CD', 'Dem. Rep. of the Congo'),
(26, '2013-02-12 00:00:00', 'admin', '2013-02-12 00:00:00', 'admin', 'CF', 'Central African Rep.'),
(27, '2013-02-12 00:00:00', 'admin', '2013-02-12 00:00:00', 'admin', 'CG', 'Congo'),
(28, '2013-02-12 00:00:00', 'admin', '2013-09-20 19:10:36', 'admin', 'CH', 'Switzerland'),
(29, '2013-02-12 00:00:00', 'admin', '2013-02-12 00:00:00', 'admin', 'CI', 'Ivory Coast'),
(30, '2013-02-12 00:00:00', 'admin', '2013-02-12 00:00:00', 'admin', 'CL', 'Chile'),
(31, '2013-02-12 00:00:00', 'admin', '2013-02-12 00:00:00', 'admin', 'CM', 'Cameroon'),
(32, '2013-02-12 00:00:00', 'admin', '2013-09-19 13:22:13', 'admin', 'CN', 'China'),
(33, '2013-02-12 00:00:00', 'admin', '2013-02-12 00:00:00', 'admin', 'CO', 'Colombia'),
(34, '2013-02-12 00:00:00', 'admin', '2013-02-12 00:00:00', 'admin', 'CR', 'Costa Rica'),
(35, '2013-02-12 00:00:00', 'admin', '2013-02-12 00:00:00', 'admin', 'CU', 'Cuba'),
(36, '2013-02-12 00:00:00', 'admin', '2013-02-12 00:00:00', 'admin', 'CY', 'Cyprus'),
(37, '2013-02-12 00:00:00', 'admin', '2013-02-12 00:00:00', 'admin', 'CZ', 'Czech Rep.'),
(38, '2013-02-12 00:00:00', 'admin', '2013-02-12 00:00:00', 'admin', 'DE', 'Germany'),
(39, '2013-02-12 00:00:00', 'admin', '2013-02-12 00:00:00', 'admin', 'DZ', 'Djibouti'),
(40, '2013-02-12 00:00:00', 'admin', '2013-02-12 00:00:00', 'admin', 'DK', 'Denmark'),
(41, '2013-02-12 00:00:00', 'admin', '2013-02-12 00:00:00', 'admin', 'DO', 'Dominican Rep.'),
(42, '2013-02-12 00:00:00', 'admin', '2013-09-17 16:47:56', 'admin', 'DZ', 'Algeria'),
(43, '2013-02-12 00:00:00', 'admin', '2013-02-12 00:00:00', 'admin', 'EC', 'Ecuador'),
(44, '2013-02-12 00:00:00', 'admin', '2013-02-12 00:00:00', 'admin', 'EE', 'Estonia'),
(45, '2013-02-12 00:00:00', 'admin', '2013-02-12 00:00:00', 'admin', 'EG', 'Egypt'),
(46, '2013-02-12 00:00:00', 'admin', '2013-02-12 00:00:00', 'admin', 'EH', 'Western Sahara'),
(47, '2013-02-12 00:00:00', 'admin', '2013-02-12 00:00:00', 'admin', 'ER', 'Eritrea'),
(48, '2013-02-12 00:00:00', 'admin', '2013-02-12 00:00:00', 'admin', 'ES', 'Spain'),
(49, '2013-02-12 00:00:00', 'admin', '2013-02-12 00:00:00', 'admin', 'ET', 'Ethiopia'),
(50, '2013-02-12 00:00:00', 'admin', '2013-02-12 00:00:00', 'admin', 'FI', 'Finland'),
(51, '2013-02-12 00:00:00', 'admin', '2013-02-12 00:00:00', 'admin', 'FJ', 'Fiji'),
(52, '2013-02-12 00:00:00', 'admin', '2013-02-12 00:00:00', 'admin', 'FK', 'Falkland Isds (Malvinas)'),
(53, '2013-02-12 00:00:00', 'admin', '2013-02-12 00:00:00', 'admin', 'FR', 'France'),
(54, '2013-02-12 00:00:00', 'admin', '2013-02-12 00:00:00', 'admin', 'GA', 'Gabon'),
(55, '2013-02-12 00:00:00', 'admin', '2013-02-12 00:00:00', 'admin', 'GB', 'GREAT BRITAIN (United Kingdom)'),
(56, '2013-02-12 00:00:00', 'admin', '2013-02-12 00:00:00', 'admin', 'GE', 'Georgia'),
(57, '2013-02-12 00:00:00', 'admin', '2013-02-12 00:00:00', 'admin', 'GF', 'French Guiana'),
(58, '2013-02-12 00:00:00', 'admin', '2013-02-12 00:00:00', 'admin', 'GH', 'Ghana'),
(59, '2013-02-12 00:00:00', 'admin', '2013-02-12 00:00:00', 'admin', 'GL', 'Greenland'),
(60, '2013-02-12 00:00:00', 'admin', '2013-02-12 00:00:00', 'admin', 'GM', 'Gambia'),
(61, '2013-02-12 00:00:00', 'admin', '2013-02-12 00:00:00', 'admin', 'GN', 'Guinea'),
(62, '2013-02-12 00:00:00', 'admin', '2013-02-12 00:00:00', 'admin', 'GQ', 'Equatorial Guinea'),
(63, '2013-02-12 00:00:00', 'admin', '2013-02-12 00:00:00', 'admin', 'GR', 'Greece'),
(64, '2013-02-12 00:00:00', 'admin', '2013-02-12 00:00:00', 'admin', 'GT', 'Guatemala'),
(65, '2013-02-12 00:00:00', 'admin', '2013-02-12 00:00:00', 'admin', 'GW', 'Guinea-Bissau'),
(66, '2013-02-12 00:00:00', 'admin', '2013-02-12 00:00:00', 'admin', 'GY', 'Guyana'),
(67, '2013-02-12 00:00:00', 'admin', '2013-02-12 00:00:00', 'admin', 'HN', 'Honduras'),
(68, '2013-02-12 00:00:00', 'admin', '2013-02-12 00:00:00', 'admin', 'HR', 'Croatia'),
(69, '2013-02-12 00:00:00', 'admin', '2013-02-12 00:00:00', 'admin', 'HT', 'Haiti'),
(70, '2013-02-12 00:00:00', 'admin', '2013-02-12 00:00:00', 'admin', 'HU', 'Hungary'),
(71, '2013-02-12 00:00:00', 'admin', '2013-02-12 00:00:00', 'admin', 'ID', 'Indonesia'),
(72, '2013-02-12 00:00:00', 'admin', '2013-02-12 00:00:00', 'admin', 'IE', 'Ireland'),
(73, '2013-02-12 00:00:00', 'admin', '2013-02-12 00:00:00', 'admin', 'IL', 'Israel'),
(74, '2013-02-12 00:00:00', 'admin', '2013-02-12 00:00:00', 'admin', 'IN', 'India'),
(75, '2013-02-12 00:00:00', 'admin', '2013-02-12 00:00:00', 'admin', 'IQ', 'Iraq'),
(76, '2013-02-12 00:00:00', 'admin', '2013-02-12 00:00:00', 'admin', 'IQ', 'Iraq'),
(77, '2013-02-12 00:00:00', 'admin', '2013-02-12 00:00:00', 'admin', 'IR', 'Iran'),
(78, '2013-02-12 00:00:00', 'admin', '2013-02-12 00:00:00', 'admin', 'IS', 'Iceland'),
(79, '2013-02-12 00:00:00', 'admin', '2013-02-12 00:00:00', 'admin', 'IT', 'Italy'),
(80, '2013-02-12 00:00:00', 'admin', '2013-02-12 00:00:00', 'admin', 'JM', 'Jamaica'),
(81, '2013-02-12 00:00:00', 'admin', '2013-02-12 00:00:00', 'admin', 'JO', 'Jordan'),
(82, '2013-02-12 00:00:00', 'admin', '2013-02-12 00:00:00', 'admin', 'JP', 'Japan'),
(83, '2013-02-12 00:00:00', 'admin', '2013-02-12 00:00:00', 'admin', 'KE', 'Kenya'),
(84, '2013-02-12 00:00:00', 'admin', '2013-02-12 00:00:00', 'admin', 'KG', 'Kyrgyzstan'),
(85, '2013-02-12 00:00:00', 'admin', '2013-02-12 00:00:00', 'admin', 'KH', 'Cambodia'),
(86, '2013-02-12 00:00:00', 'admin', '2013-02-12 00:00:00', 'admin', 'KP', 'Dem. Peoples Rep. of Korea'),
(87, '2013-02-12 00:00:00', 'admin', '2013-02-12 00:00:00', 'admin', 'KR', 'Rep. of Korea'),
(88, '2013-02-12 00:00:00', 'admin', '2013-02-12 00:00:00', 'admin', 'KW', 'Kuwait'),
(89, '2013-02-12 00:00:00', 'admin', '2013-02-12 00:00:00', 'admin', 'KZ', 'Kazakhstan'),
(90, '2013-02-12 00:00:00', 'admin', '2013-02-12 00:00:00', 'admin', 'LA', 'Lao People`s Dem. Republuic'),
(91, '2013-02-12 00:00:00', 'admin', '2013-02-12 00:00:00', 'admin', 'LB', 'Lebanon'),
(92, '2013-02-12 00:00:00', 'admin', '2013-02-12 00:00:00', 'admin', 'LK', 'Sri Lanka'),
(93, '2013-02-12 00:00:00', 'admin', '2013-02-12 00:00:00', 'admin', 'LU', 'Luxembourg'),
(94, '2013-02-12 00:00:00', 'admin', '2013-02-12 00:00:00', 'admin', 'LR', 'Liberia'),
(95, '2013-02-12 00:00:00', 'admin', '2013-02-12 00:00:00', 'admin', 'LS', 'Lesotho'),
(96, '2013-02-12 00:00:00', 'admin', '2013-02-12 00:00:00', 'admin', 'LT', 'Lithuania'),
(97, '2013-02-12 00:00:00', 'admin', '2013-02-12 00:00:00', 'admin', 'LU', 'Luxembourg'),
(98, '2013-02-12 00:00:00', 'admin', '2013-02-12 00:00:00', 'admin', 'LV', 'Latvia'),
(99, '2013-02-12 00:00:00', 'admin', '2013-02-12 00:00:00', 'admin', 'LY', 'Libya'),
(100, '2013-02-12 00:00:00', 'admin', '2013-02-12 00:00:00', 'admin', 'MA', 'Morocco'),
(101, '2013-02-12 00:00:00', 'admin', '2013-02-12 00:00:00', 'admin', 'MD', 'Rep. of Moldova'),
(102, '2013-02-12 00:00:00', 'admin', '2013-02-12 00:00:00', 'admin', 'MG', 'Madagascar'),
(103, '2013-02-12 00:00:00', 'admin', '2013-02-12 00:00:00', 'admin', 'MK', 'Macedonia'),
(104, '2013-02-12 00:00:00', 'admin', '2013-02-12 00:00:00', 'admin', 'ML', 'Mali'),
(105, '2013-02-12 00:00:00', 'admin', '2013-02-12 00:00:00', 'admin', 'MM', 'Myanmar'),
(106, '2013-02-12 00:00:00', 'admin', '2013-02-12 00:00:00', 'admin', 'MN', 'Mongolia'),
(107, '2013-02-12 00:00:00', 'admin', '2013-02-12 00:00:00', 'admin', 'MR', 'Mauritania'),
(108, '2013-02-12 00:00:00', 'admin', '2013-02-12 00:00:00', 'admin', 'MW', 'Malawi'),
(109, '2013-02-12 00:00:00', 'admin', '2013-02-12 00:00:00', 'admin', 'MX', 'Mexico'),
(110, '2013-02-12 00:00:00', 'admin', '2013-02-12 00:00:00', 'admin', 'MY', 'Malaysia'),
(111, '2013-02-12 00:00:00', 'admin', '2013-02-12 00:00:00', 'admin', 'MZ', 'Mozambique'),
(112, '2013-02-12 00:00:00', 'admin', '2013-02-12 00:00:00', 'admin', 'NA', 'Namibia'),
(113, '2013-02-12 00:00:00', 'admin', '2013-02-12 00:00:00', 'admin', 'NC', 'New Caledonia'),
(114, '2013-02-12 00:00:00', 'admin', '2013-02-12 00:00:00', 'admin', 'NE', 'Niger'),
(115, '2013-02-12 00:00:00', 'admin', '2013-02-12 00:00:00', 'admin', 'NG', 'Nigeria'),
(116, '2013-02-12 00:00:00', 'admin', '2013-02-12 00:00:00', 'admin', 'NI', 'Nicaragua'),
(117, '2013-02-12 00:00:00', 'admin', '2013-02-12 00:00:00', 'admin', 'NL', 'Netherlands'),
(118, '2013-02-12 00:00:00', 'admin', '2013-02-12 00:00:00', 'admin', 'NO', 'Norway'),
(119, '2013-02-12 00:00:00', 'admin', '2013-02-12 00:00:00', 'admin', 'NP', 'Nepal'),
(120, '2013-02-12 00:00:00', 'admin', '2013-02-12 00:00:00', 'admin', 'NZ', 'New Zealand'),
(121, '2013-02-12 00:00:00', 'admin', '2013-02-12 00:00:00', 'admin', 'OM', 'Oman'),
(122, '2013-02-12 00:00:00', 'admin', '2013-02-12 00:00:00', 'admin', 'PA', 'Panama'),
(123, '2013-02-12 00:00:00', 'admin', '2013-02-12 00:00:00', 'admin', 'PE', 'Peru'),
(124, '2013-02-12 00:00:00', 'admin', '2013-02-12 00:00:00', 'admin', 'PG', 'Papua New Guinea'),
(125, '2013-02-12 00:00:00', 'admin', '2013-02-12 00:00:00', 'admin', 'PH', 'Philippines'),
(126, '2013-02-12 00:00:00', 'admin', '2013-09-17 12:21:22', 'admin', 'PK', 'Pakistan'),
(127, '2013-02-12 00:00:00', 'admin', '2013-02-12 00:00:00', 'admin', 'PL', 'Poland'),
(128, '2013-02-12 00:00:00', 'admin', '2013-02-12 00:00:00', 'admin', 'PR', 'Puerto Rico'),
(129, '2013-02-12 00:00:00', 'admin', '2013-02-12 00:00:00', 'admin', 'PS', 'Palestinian'),
(130, '2013-02-12 00:00:00', 'admin', '2013-02-12 00:00:00', 'admin', 'PT', 'Portugal'),
(131, '2013-02-12 00:00:00', 'admin', '2013-02-12 00:00:00', 'admin', 'PY', 'Paraguay'),
(132, '2013-02-12 00:00:00', 'admin', '2013-02-12 00:00:00', 'admin', 'QA', 'Qatar'),
(133, '2013-02-12 00:00:00', 'admin', '2013-02-12 00:00:00', 'admin', 'RO', 'Romania'),
(134, '2013-02-12 00:00:00', 'admin', '2013-02-12 00:00:00', 'admin', 'RS', 'Serbia'),
(135, '2013-02-12 00:00:00', 'admin', '2013-10-07 15:29:20', 'admin', 'RU', 'Russian Federation'),
(136, '2013-02-12 00:00:00', 'admin', '2013-02-12 00:00:00', 'admin', 'RW', 'Rwanda'),
(137, '2013-02-12 00:00:00', 'admin', '2013-02-12 00:00:00', 'admin', 'SA', 'Saudi Arabia'),
(138, '2013-02-12 00:00:00', 'admin', '2013-02-12 00:00:00', 'admin', 'SB', 'Solomon Isds'),
(139, '2013-02-12 00:00:00', 'admin', '2013-02-12 00:00:00', 'admin', 'SD', 'Sudan'),
(140, '2013-02-12 00:00:00', 'admin', '2013-02-12 00:00:00', 'admin', 'SE', 'Sweden'),
(141, '2013-02-12 00:00:00', 'admin', '2013-02-12 00:00:00', 'admin', 'SJ', 'Svalbard and Jan Mayen'),
(142, '2013-02-12 00:00:00', 'admin', '2013-02-12 00:00:00', 'admin', 'SK', 'Slovakia'),
(143, '2013-02-12 00:00:00', 'admin', '2013-02-12 00:00:00', 'admin', 'SL', 'Slovenia'),
(144, '2013-02-12 00:00:00', 'admin', '2013-02-12 00:00:00', 'admin', 'SN', 'Senegal'),
(145, '2013-02-12 00:00:00', 'admin', '2013-02-12 00:00:00', 'admin', 'SO', 'Somalia'),
(146, '2013-02-12 00:00:00', 'admin', '2013-02-12 00:00:00', 'admin', 'SR', 'Suriname'),
(147, '2013-02-12 00:00:00', 'admin', '2013-02-12 00:00:00', 'admin', 'SV', 'El Salvador'),
(148, '2013-02-12 00:00:00', 'admin', '2013-02-12 00:00:00', 'admin', 'SY', 'Syria'),
(149, '2013-02-12 00:00:00', 'admin', '2013-02-12 00:00:00', 'admin', 'SZ', 'Swaziland'),
(150, '2013-02-12 00:00:00', 'admin', '2013-09-20 12:49:36', 'admin', 'TD', 'Chad'),
(151, '2013-02-12 00:00:00', 'admin', '2013-02-12 00:00:00', 'admin', 'TG', 'Togo'),
(152, '2013-02-12 00:00:00', 'admin', '2013-02-12 00:00:00', 'admin', 'TH', 'Thailand'),
(153, '2013-02-12 00:00:00', 'admin', '2013-02-12 00:00:00', 'admin', 'TJ', 'Tajikistan'),
(154, '2013-02-12 00:00:00', 'admin', '2013-02-12 00:00:00', 'admin', 'TL', 'Timor-Leste'),
(155, '2013-02-12 00:00:00', 'admin', '2013-02-12 00:00:00', 'admin', 'TM', 'Turkmenistan'),
(156, '2013-02-12 00:00:00', 'admin', '2013-02-12 00:00:00', 'admin', 'TN', 'Tunisia'),
(157, '2013-02-12 00:00:00', 'admin', '2013-02-12 00:00:00', 'admin', 'TR', 'Turkey'),
(158, '2013-02-12 00:00:00', 'admin', '2013-02-12 00:00:00', 'admin', 'TW', 'Taiwan'),
(159, '2013-02-12 00:00:00', 'admin', '2013-09-20 19:30:58', 'admin', 'TZ', 'United Rep. of Tanzania'),
(160, '2013-02-12 00:00:00', 'admin', '2013-02-12 00:00:00', 'admin', 'UA', 'Ukraine'),
(161, '2013-02-12 00:00:00', 'admin', '2013-02-12 00:00:00', 'admin', 'UG', 'Uganda'),
(162, '2013-02-12 00:00:00', 'admin', '2013-09-20 16:04:15', 'admin', 'US', 'USA'),
(163, '2013-02-12 00:00:00', 'admin', '2013-02-12 00:00:00', 'admin', 'UY', 'Uruguay'),
(164, '2013-02-12 00:00:00', 'admin', '2013-02-12 00:00:00', 'admin', 'UZ', 'Uzbekistan'),
(165, '2013-02-12 00:00:00', 'admin', '2013-02-12 00:00:00', 'admin', 'VE', 'Venezuela'),
(166, '2013-02-12 00:00:00', 'admin', '2013-02-12 00:00:00', 'admin', 'VN', 'Viet Nam'),
(167, '2013-02-12 00:00:00', 'admin', '2013-02-12 00:00:00', 'admin', 'VU', 'Vanuatu'),
(168, '2013-02-12 00:00:00', 'admin', '2013-02-12 00:00:00', 'admin', 'YE', 'Yemen'),
(169, '2013-02-12 00:00:00', 'admin', '2013-02-12 00:00:00', 'admin', 'ZA', 'South Afrika (Zuid Afrika)'),
(170, '2013-02-12 00:00:00', 'admin', '2013-02-12 00:00:00', 'admin', 'ZM', 'Zambia'),
(171, '2013-02-12 00:00:00', 'admin', '2013-02-12 00:00:00', 'admin', 'ZW', 'Zimbabwe');

# #- added by amjad Wed Jul 10 16:40:48 BDT 2013 ##- ##

update  transaction set real_time_touched=1 where real_time_touched is null;

# added by amjad মঙ্গল জানু 28 16:02:06 BDT 2014

UPDATE `transaction` SET `real_time_touched` = '' WHERE `real_time_touched` IS NULL ;
ALTER TABLE transaction_li MODIFY value TEXT;
ALTER TABLE rule MODIFY select_clause TEXT;
ALTER TABLE rule MODIFY from_clause TEXT;
ALTER TABLE rule MODIFY where_clause TEXT;

UPDATE `customer_master_ledger` SET `customer_id` = '' WHERE `customer_id` is null;
UPDATE `customer_master_ledger` SET `credit_limit` = '' WHERE `credit_limit` is null;

####-Added by Habib 02-03-2014 16:57:15PM#######
UPDATE user SET user_type_id = '0' WHERE user.id >0;
UPDATE  `training` SET `no_of_question` = '0', `pass_number` = '0' WHERE `training`.`id` > 0 ;

UPDATE  `training_question` SET `correct_option` = '0' WHERE `training_question`.`id` >0;
ALTER TABLE `training_question` CHANGE `text` `text` TEXT CHARACTER SET latin1 COLLATE latin1_swedish_ci NULL DEFAULT NULL;

########- added by habib 22-04-2014 14:35:39PM #############

DELETE FROM `proactive_block_weight` WHERE `date`=2013;

INSERT INTO `proactive_block_weight` (`id`, `cpi_score`, `date`, `government_interaction`, `nature_of_business_operations`, `revenues`, `sales_model_relationships`, `region_id`
  ,`ti_cpi_risk_index`,`entity_or_rip_name`,`annual_revenue`,`percentage_of_government_revenue`,`sales_to_government_customers`
  ,`sale_to_cpi_and_government_customers`) VALUES

(1, 77, 2013, 23, 40, 60, 95, 1,2.9,'',317000,'10%','N',314),
(2, 39, 2013, 47, 45, 62, 51, 2,5.9,'',25000,'20%','N',265),
(3, 28, 2013, 71, 88, 78, 20, 3,5.9,'',25000,'20%','N',265),
(4, 47, 2013, 44, 60, 28, 3, 4,2.9,'',317000,'10%','N',314),
(5, 58, 2013, 49, 51, 84, 27, 5,2.9,'',317000,'10%','N',314),
(6, 63, 2013, 92, 47, 93, 30, 6,2.9,'Swiss Protech S.A./Sinax Medica S.A.',317000,'10%','N',314),
(7, 30, 2013, 10, 66, 35, 45, 7,7.9,'Biomedica',4000,'75%','N',88),
(8, 7, 2013, 26, 34, 16, 0, 8,2.9,'',317000,'10%','N',314),
(9, 33, 2013, 4, 7, 11, 57, 9,2.9,'',317000,'10%','N',314),
(10, 31, 2013, 93, 97, 95, 56, 10,2.9,'',317000,'10%','N',314),
(11, 12, 2013, 95, 44, 8, 75, 11,2.9,'',317000,'10%','N',314),
(12, 5, 2013, 83, 99, 16, 62, 12,7.1,'Ortho‐Team S.A.',1654000,'75%','Y',304),
(13, 75, 2013, 40, 1, 40, 1, 13,2.9,'',317000,'10%','N',314),
(14, 55, 2013, 49, 88, 45, 34, 14,5.9,'',25000,'20%','N',265),
(15, 70, 2013, 95, 57, 27, 8, 15,5.9,'',25000,'20%','N',265),
(16, 24, 2013, 39, 33, 49, 81, 16,5.9,'',25000,'20%','N',265),
(17, 69, 2013, 28, 86, 14, 20, 17,2.9,'',317000,'10%','N',314),
(18, 55, 2013, 17, 22, 2, 12, 18,5.9,'',25000,'20%','N',265),
(19, 99, 2013, 85, 40, 68, 88, 19,3.7,'Implamed Implantes Especializados Ltd.',5101000,'25%','Y',578),
(20, 64, 2013, 49, 41, 12, 93, 20,5.9,'',25000,'20%','N',265),
(21, 81, 2013, 45, 10, 77, 11, 21,5.9,'',25000,'20%','N',265),
(22, 4, 2013, 72, 51, 92, 15, 22,5.9,'',25000,'20%','N',265),
(23, 92, 2013, 48, 29, 66, 91, 23,2.9,'',317000,'10%','N',314),
(24, 6, 2013, 97, 79, 26, 54, 24,8.9,'Exactech Canada',745000,'75%','N',83),
(25, 14, 2013, 49, 62, 73, 42, 25,5.9,'',25000,'20%','N',265),
(26, 69, 2013, 44, 24, 88, 68, 26,2.9,'',317000,'10%','N',314),
(27, 8, 2013, 95, 34, 17, 64, 27,5.9,'',25000,'20%','N',265),
(28, 65, 2013, 45, 24, 53, 74, 28,8.7,'Exactech Internation Operations AG',0,'10%','N',52),
(29, 60, 2013, 6, 76, 77, 41, 29,2.9,'',317000,'10%','N',314),
(30, 89, 2013, 43, 42, 83, 33, 30,2.9,'',317000,'10%','N',314),
(31, 89, 2013, 58, 50, 51, 14, 31,2.9,'',317000,'10%','N',314),
(32, 40, 2013, 96, 13, 70, 30, 32,3.5,'Exactech Asia Ltd.',2390000,'10%','N',367),
(33, 22, 2013, 13, 88, 12, 46, 33,3.5,'Disortho Ltd',5077000,'50%','Y',587),
(34, 95, 2013, 86, 68, 29, 50, 34,2.9,'',317000,'10%','N',314),
(35, 11, 2013, 91, 39, 59, 75, 35,2.9,'',317000,'10%','N',314),
(36, 65, 2013, 20, 73, 41, 95, 36,2.9,'',317000,'10%','N',314),
(37, 5, 2013, 19, 80, 73, 7, 37,2.9,'',317000,'10%','N',314),
(38, 52, 2013, 95, 11, 99, 0, 38,7.9,'Exactech Deutschland GmbH',1343000,'10%','N',168),
(39, 51, 2013, 88, 15, 57, 43, 39,2.9,'',317000,'10%','N',314),
(40, 69, 2013, 32, 84, 18, 63, 40,9.3,'Creamer Medical, ApS',145000,'0%','N',25),
(41, 56, 2013, 49, 11, 89, 73, 41,2.9,'',317000,'10%','N',314),
(42, 27, 2013, 78, 25, 93, 89, 42,2.9,'Mak Medical',32000,'75%','N',314),
(43, 78, 2013, 30, 55, 0, 25, 43,2.9,'',317000,'10%','N',314),
(44, 60, 2013, 94, 95, 26, 7, 44,2.9,'',317000,'10%','N',314),
(45, 6, 2013, 44, 9, 72, 98, 45,2.9,'',317000,'10%','N',314),
(46, 76, 2013, 92, 16, 66, 18, 46,2.9,'',317000,'10%','N',314),
(47, 16, 2013, 0, 10, 66, 53, 47,2.9,'',317000,'10%','N',314),
(48, 20, 2013, 93, 69, 33, 11, 48,6.1,'Exactech Ibérica S.A.U.',8261000,'50%','Y',469),
(49, 33, 2013, 33, 92, 11, 53, 49,2.9,'',317000,'10%','N',314),
(50, 97, 2013, 34, 74, 10, 24, 50,2.9,'',317000,'10%','N',314),
(51, 46, 2013, 90, 98, 99, 14, 51,2.9,'',317000,'10%','N',314),
(52, 3, 2013, 72, 8, 58, 47, 52,2.9,'',317000,'10%','N',314),
(53, 50, 2013, 22, 95, 36, 15, 53,6.8,'France Medica S.A.S.',14013000,'50%','Y',518),
(54, 29, 2013, 72, 39, 53, 45, 54,5.9,'',25000,'20%','N',265),
(55, 64, 2013, 49, 35, 72, 48, 55,5.9,'',25000,'20%','N',265),
(56, 33, 2013, 81, 16, 51, 66, 56,7.6,'Exactech United Kingdom',293000,'50%','Y',282),
(57, 22, 2013, 94, 6, 30, 31, 57,5.9,'',25000,'20%','N',265),
(58, 55, 2013, 53, 67, 73, 48, 58,2.9,'',317000,'10%','N',314),
(59, 51, 2013, 72, 19, 89, 47, 59,5.9,'',25000,'20%','N',265),
(60, 76, 2013, 89, 89, 41, 86, 60,5.9,'',25000,'20%','N',265),
(61, 24, 2013, 55, 51, 29, 21, 61,2.9,'',317000,'10%','N',314),
(62, 25, 2013, 71, 89, 52, 44, 62,5.9,'',25000,'20%','N',265),
(63, 13, 2013, 45, 82, 49, 45, 63,3.5,'Optimum Orthopaedics',1805000,'75%','Y',467),
(64, 39, 2013, 8, 91, 9, 12, 64,3.2,'Ortogua Ortopaedia',0,'75%','N',301),
(65, 13, 2013, 28, 20, 62, 89, 65,2.9,'',317000,'10%','N',314),
(66, 41, 2013, 4, 13, 79, 28, 66,2.9,'',317000,'10%','N',314),
(67, 7, 2013, 88, 96, 27, 11, 67,2.9,'',317000,'10%','N',314),
(68, 89, 2013, 9, 29, 58, 68, 68,2.9,'',317000,'10%','N',314),
(69, 63, 2013, 56, 16, 79, 72, 69,2.9,'',317000,'10%','N',314),
(70, 10, 2013, 95, 46, 62, 89, 70,5.9,'',25000,'20%','N',265),
(71, 0, 2013, 36, 81, 22, 21, 71,5.9,'',25000,'20%','N',265),
(72, 10, 2013, 7, 47, 39, 91, 72,5.9,'',25000,'20%','N',265),
(73, 98, 2013, 18, 62, 40, 28, 73,6.1,'M. Fast Spine Technology Ltd.',22000,'0%','N',169),
(74, 58, 2013, 71, 18, 40, 13, 74,3.3,'Exactech India (P) Ltd.',2569000,'10%','N',376),
(75, 17, 2013, 8, 43, 87, 39, 75,5.9,'',25000,'20%','N',265),
(76, 33, 2013, 87, 22, 55, 29, 76,5.9,'',25000,'20%','N',265),
(77, 73, 2013, 57, 44, 78, 9, 77,5.9,'',25000,'20%','N',265),
(78, 76, 2013, 5, 12, 24, 14, 78,5.9,'',25000,'20%','N',265),
(79, 54, 2013, 88, 65, 10, 78, 79,3.9,'Micron Medical Srl',39583,'0%','N',269),
(80, 0, 2013, 73, 36, 29, 79, 80,5.9,'',25000,'20%','N',265),
(81, 25, 2013, 5, 43, 95, 23, 81,4.7,'Internal Medical Supplies CO. Ltd.  Innomedics',42000,'75%','N',233),
(82, 73, 2013, 41, 0, 31, 22, 82,7.8,'Exactech Japan KK',5119000,'25%','Y',393),
(83, 40, 2013, 45, 98, 90, 13, 83,5.9,'',25000,'20%','N',265),
(84, 14, 2013, 51, 18, 6, 18, 84,5.9,'',25000,'20%','N',265),
(85, 38, 2013, 39, 95, 34, 18, 85,2.9,'',317000,'10%','N',314),
(86, 62, 2013, 32, 81, 67, 52, 86,2.9,'',317000,'10%','N',314),
(87, 94, 2013, 54, 14, 24, 85, 87,5.4,'SeChang Meditech, Co.',621000,'25%','N',241),
(88, 15, 2013, 15, 36, 64, 13, 88,2.9,'',317000,'10%','N',314),
(89, 7, 2013, 43, 99, 43, 47, 89,2.9,'',317000,'10%','N',314),
(90, 0, 2013, 54, 76, 43, 54, 90,2.9,'',317000,'10%','N',314),
(91, 60, 2013, 88, 47, 69, 84, 91,2.5,'Meditec, Inc.',182000,'75%','N',332),
(92, 34, 2013, 68, 35, 81, 56, 92,2.9,'',317000,'10%','N',314),
(93, 72, 2013, 39, 30, 52, 94, 93,2.9,'',317000,'10%','N',314),
(94, 96, 2013, 59, 52, 79, 89, 94,2.9,'',317000,'10%','N',314),
(95, 10, 2013, 48, 74, 18, 72, 95,2.9,'',317000,'10%','N',314),
(96, 97, 2013, 82, 59, 20, 3, 96,5.9,'',25000,'20%','N',265),
(97, 25, 2013, 20, 49, 0, 38, 97,5.9,'',25000,'20%','N',265),
(98, 49, 2013, 63, 56, 69, 87, 98,5.9,'',25000,'20%','N',265),
(99, 29, 2013, 4, 15, 85, 8, 99,5.9,'',25000,'20%','N',265),
(100, 2, 2013, 16, 4, 3, 11, 100,5.9,'',25000,'20%','N',265),
(101, 86, 2013, 16, 96, 89, 63, 101,5.9,'',25000,'20%','N',265),
(102, 72, 2013, 93, 35, 12, 20, 102,5.9,'',25000,'20%','N',265),
(103, 14, 2013, 77, 64, 60, 18, 103,5.9,'',25000,'20%','N',265),
(104, 18, 2013, 4, 69, 77, 34, 104,5.9,'',25000,'20%','N',265),
(105, 27, 2013, 58, 6, 68, 53, 105,2.9,'',317000,'10%','N',314),
(106, 45, 2013, 65, 35, 37, 44, 106,2.9,'',317000,'10%','N',314),
(107, 76, 2013, 93, 31, 42, 33, 107,2.9,'',317000,'10%','N',314),
(108, 88, 2013, 41, 80, 62, 69, 108,2.9,'',317000,'10%','N',314),
(109, 86, 2013, 6, 60, 42, 55, 109,3.9,'OrtopeidaMexico',5700,'0%','N',305),
(110, 90, 2013, 56, 29, 57, 7, 110,5.9,'',25000,'20%','N',265),
(111, 69, 2013, 97, 26, 47, 50, 111,5.9,'',25000,'20%','N',265),
(112, 5, 2013, 46, 24, 49, 45, 112,5.9,'',25000,'20%','N',265),
(113, 27, 2013, 1, 71, 58, 21, 113,5.9,'',25000,'20%','N',265),
(114, 41, 2013, 0, 32, 61, 43, 114,5.9,'',25000,'20%','N',265),
(115, 6, 2013, 46, 44, 92, 80, 115,5.9,'',25000,'20%','N',265),
(116, 60, 2013, 13, 60, 25, 29, 116,5.9,'',25000,'20%','N',265),
(117, 1, 2013, 90, 42, 29, 15, 117,8.8,'Oudshoorn b.v.',806000,'75%','N',87),
(118, 89, 2013, 47, 74, 92, 55, 118,2.9,'',317000,'10%','N',314),
(119, 16, 2013, 93, 66, 79, 22, 119,2.9,'',317000,'10%','N',314),
(120, 46, 2013, 83, 7, 63, 21, 120,2.9,'',317000,'10%','N',314),
(121, 67, 2013, 58, 0, 47, 17, 121,2.9,'',317000,'10%','N',314),
(122, 90, 2013, 32, 34, 85, 62, 122,2.9,'',317000,'10%','N',314),
(123, 33, 2013, 47, 51, 2, 0, 123,2.9,'',317000,'10%','N',314),
(124, 54, 2013, 80, 81, 53, 58, 124,2.9,'',317000,'10%','N',314),
(125, 36, 2013, 53, 35, 96, 15, 125,5.9,'',25000,'20%','N',265),
(126, 48, 2013, 51, 1, 55, 59, 126,5.9,'',25000,'20%','N',265),
(127, 80, 2013, 98, 0, 93, 76, 127,5.9,'',25000,'20%','N',265),
(128, 54, 2013, 36, 41, 48, 55, 128,5.9,'',25000,'20%','N',265),
(129, 58, 2013, 72, 29, 77, 85, 129,5.8,'Orthority Corp.',502000,'25%','N',223),
(130, 49, 2013, 60, 45, 40, 89, 130,5.9,'',25000,'20%','N',265),
(131, 23, 2013, 25, 53, 33, 5, 131,5.9,'',25000,'20%','N',265),
(132, 79, 2013, 90, 90, 11, 82, 132,2.9,'',317000,'10%','N',314),
(133, 72, 2013, 10, 27, 51, 99, 133,2.9,'',317000,'10%','N',314),
(134, 47, 2013, 19, 37, 7, 98, 134,2.9,'',317000,'10%','N',314),
(135, 21, 2013, 2, 6, 87, 78, 135,2.9,'',317000,'10%','N',314),
(136, 85, 2013, 14, 76, 87, 58, 136,2.9,'',317000,'10%','N',314),
(137, 62, 2013, 13, 2, 48, 8, 137,2.9,'',317000,'10%','N',314),
(138, 25, 2013, 20, 39, 29, 33, 138,2.9,'',317000,'10%','N',314),
(139, 25, 2013, 34, 68, 59, 7, 139,2.9,'',317000,'10%','N',314),
(140, 54, 2013, 44, 11, 59, 88, 140,9.2,'Swemac Orthopedics',118000,'75%','N',29),
(141, 77, 2013, 26, 54, 5, 59, 141,5.9,'',25000,'20%','N',265),
(142, 1, 2013, 15, 41, 91, 68, 142,5.9,'',25000,'20%','N',265),
(143, 40, 2013, 17, 29, 12, 93, 143,5.9,'',25000,'20%','N',265),
(144, 33, 2013, 79, 89, 61, 21, 144,5.9,'',25000,'20%','N',265),
(145, 43, 2013, 28, 17, 73, 91, 145,5.9,'',25000,'20%','N',265),
(146, 86, 2013, 75, 74, 16, 15, 146,5.9,'',25000,'20%','N',265),
(147, 44, 2013, 31, 51, 14, 6, 147,5.9,'',25000,'20%','N',265),
(148, 22, 2013, 82, 51, 19, 78, 148,2.5,'Meditec',0,'0%','N',332),
(149, 93, 2013, 63, 53, 84, 44, 149,2.9,'',317000,'10%','N',314),
(150, 15, 2013, 29, 62, 89, 90, 150,2.9,'',317000,'10%','N',314),
(151, 81, 2013, 99, 16, 92, 40, 151,2.9,'',317000,'10%','N',314),
(152, 53, 2013, 12, 72, 94, 63, 152,2.9,'',317000,'10%','N',314),
(153, 17, 2013, 2, 5, 74, 2, 153,5.9,'',25000,'20%','N',265),
(154, 99, 2013, 7, 13, 95, 70, 154,5.9,'',25000,'20%','N',265),
(155, 62, 2013, 69, 6, 59, 19, 155,5.9,'',25000,'20%','N',265),
(156, 0, 2013, 27, 24, 88, 0, 156,4.3,'Societe’ MEDORTHO Sar',251000,'75%','N',251),
(157, 4, 2013, 17, 99, 24, 37, 157,4.4,'A & S Tibbi Urunler',3191000,'50%','Y',426),
(158, 25, 2013, 89, 70, 53, 26, 158,5.8,'Exactech Taiwan',0,'0%','N',183),
(159, 81, 2013, 44, 57, 21, 31, 159,5.9,'',25000,'20%','N',265),
(160, 82, 2013, 41, 56, 58, 13, 160,5.9,'',25000,'20%','N',265),
(161, 79, 2013, 97, 3, 56, 4, 161,5.9,'',25000,'20%','N',265),
(162, 71, 2013, 62, 63, 39, 28, 162,5.9,'',25000,'20%','N',265),
(163, 6, 2013, 32, 96, 96, 35, 163,5.9,'',25000,'20%','N',265),
(164, 54, 2013, 29, 73, 31, 30, 164,2.9,'',317000,'10%','N',314),
(165, 22, 2013, 38, 29, 77, 61, 165,2.0,'VCDE Soluciones Medicas',162000,'10%','N',355),
(166, 16, 2013, 21, 82, 40, 89, 166,2.9,'',317000,'10%','N',314),
(167, 56, 2013, 2, 67, 31, 9, 167,2.9,'',317000,'10%','N',314),
(168, 66, 2013, 77, 16, 11, 15, 168,2.9,'',317000,'10%','N',314),
(169, 69, 2013, 79, 71, 90, 51, 169,2.9,'',317000,'10%','N',314),
(170, 3, 2013, 4, 19, 80, 52, 170,2.9,'',317000,'10%','N',314),
(171, 54, 2013, 74, 71, 71, 35, 171,2.9,'',317000,'10%','N',314);

INSERT INTO `proactive_block_weight` (`id`, `cpi_score`, `date`, `government_interaction`, `nature_of_business_operations`, `revenues`, `sales_model_relationships`, `region_id`
  ,`ti_cpi_risk_index`,`entity_or_rip_name`,`annual_revenue`,`percentage_of_government_revenue`,`sales_to_government_customers`
  ,`sale_to_cpi_and_government_customers`) VALUES

(NULL, 77, 2014, 23, 40, 60, 95, 1,2.9,'',317000,'10%','N',314),
(NULL, 39, 2014, 47, 45, 62, 51, 2,5.9,'',25000,'20%','N',265),
(NULL, 28, 2014, 71, 88, 78, 20, 3,5.9,'',25000,'20%','N',265),
(NULL, 47, 2014, 44, 60, 28, 3, 4,2.9,'',317000,'10%','N',314),
(NULL, 58, 2014, 49, 51, 84, 27, 5,2.9,'',317000,'10%','N',314),
(NULL, 63, 2014, 92, 47, 93, 30, 6,2.9,'Swiss Protech S.A./Sinax Medica S.A.',317000,'10%','N',314),
(NULL, 30, 2014, 10, 66, 35, 45, 7,7.9,'Biomedica',4000,'75%','N',88),
(NULL, 7, 2014, 26, 34, 16, 0, 8,2.9,'',317000,'10%','N',314),
(NULL, 33, 2014, 4, 7, 11, 57, 9,2.9,'',317000,'10%','N',314),
(NULL, 31, 2014, 93, 97, 95, 56, 10,2.9,'',317000,'10%','N',314),
(NULL, 12, 2014, 95, 44, 8, 75, 11,2.9,'',317000,'10%','N',314),
(NULL, 5, 2014, 83, 99, 16, 62, 12,7.1,'Ortho‐Team S.A.',1654000,'75%','Y',304),
(NULL, 75, 2014, 40, 1, 40, 1, 13,2.9,'',317000,'10%','N',314),
(NULL, 55, 2014, 49, 88, 45, 34, 14,5.9,'',25000,'20%','N',265),
(NULL, 70, 2014, 95, 57, 27, 8, 15,5.9,'',25000,'20%','N',265),
(NULL, 24, 2014, 39, 33, 49, 81, 16,5.9,'',25000,'20%','N',265),
(NULL, 69, 2014, 28, 86, 14, 20, 17,2.9,'',317000,'10%','N',314),
(NULL, 55, 2014, 17, 22, 2, 12, 18,5.9,'',25000,'20%','N',265),
(NULL, 99, 2014, 85, 40, 68, 88, 19,3.7,'Implamed Implantes Especializados Ltd.',5101000,'25%','Y',578),
(NULL, 64, 2014, 49, 41, 12, 93, 20,5.9,'',25000,'20%','N',265),
(NULL, 81, 2014, 45, 10, 77, 11, 21,5.9,'',25000,'20%','N',265),
(NULL, 4, 2014, 72, 51, 92, 15, 22,5.9,'',25000,'20%','N',265),
(NULL, 92, 2014, 48, 29, 66, 91, 23,2.9,'',317000,'10%','N',314),
(NULL, 6, 2014, 97, 79, 26, 54, 24,8.9,'Exactech Canada',745000,'75%','N',83),
(NULL, 14, 2014, 49, 62, 73, 42, 25,5.9,'',25000,'20%','N',265),
(NULL, 69, 2014, 44, 24, 88, 68, 26,2.9,'',317000,'10%','N',314),
(NULL, 8, 2014, 95, 34, 17, 64, 27,5.9,'',25000,'20%','N',265),
(NULL, 65, 2014, 45, 24, 53, 74, 28,8.7,'Exactech Internation Operations AG',0,'10%','N',52),
(NULL, 60, 2014, 6, 76, 77, 41, 29,2.9,'',317000,'10%','N',314),
(NULL, 89, 2014, 43, 42, 83, 33, 30,2.9,'',317000,'10%','N',314),
(NULL, 89, 2014, 58, 50, 51, 14, 31,2.9,'',317000,'10%','N',314),
(NULL, 40, 2014, 96, 13, 70, 30, 32,3.5,'Exactech Asia Ltd.',2390000,'10%','N',367),
(NULL, 22, 2014, 13, 88, 12, 46, 33,3.5,'Disortho Ltd',5077000,'50%','Y',587),
(NULL, 95, 2014, 86, 68, 29, 50, 34,2.9,'',317000,'10%','N',314),
(NULL, 11, 2014, 91, 39, 59, 75, 35,2.9,'',317000,'10%','N',314),
(NULL, 65, 2014, 20, 73, 41, 95, 36,2.9,'',317000,'10%','N',314),
(NULL, 5, 2014, 19, 80, 73, 7, 37,2.9,'',317000,'10%','N',314),
(NULL, 52, 2014, 95, 11, 99, 0, 38,7.9,'Exactech Deutschland GmbH',1343000,'10%','N',168),
(NULL, 51, 2014, 88, 15, 57, 43, 39,2.9,'',317000,'10%','N',314),
(NULL, 69, 2014, 32, 84, 18, 63, 40,9.3,'Creamer Medical, ApS',145000,'0%','N',25),
(NULL, 56, 2014, 49, 11, 89, 73, 41,2.9,'',317000,'10%','N',314),
(NULL, 27, 2014, 78, 25, 93, 89, 42,2.9,'Mak Medical',32000,'75%','N',314),
(NULL, 78, 2014, 30, 55, 0, 25, 43,2.9,'',317000,'10%','N',314),
(NULL, 60, 2014, 94, 95, 26, 7, 44,2.9,'',317000,'10%','N',314),
(NULL, 6, 2014, 44, 9, 72, 98, 45,2.9,'',317000,'10%','N',314),
(NULL, 76, 2014, 92, 16, 66, 18, 46,2.9,'',317000,'10%','N',314),
(NULL, 16, 2014, 0, 10, 66, 53, 47,2.9,'',317000,'10%','N',314),
(NULL, 20, 2014, 93, 69, 33, 11, 48,6.1,'Exactech Ibérica S.A.U.',8261000,'50%','Y',469),
(NULL, 33, 2014, 33, 92, 11, 53, 49,2.9,'',317000,'10%','N',314),
(NULL, 97, 2014, 34, 74, 10, 24, 50,2.9,'',317000,'10%','N',314),
(NULL, 46, 2014, 90, 98, 99, 14, 51,2.9,'',317000,'10%','N',314),
(NULL, 3, 2014, 72, 8, 58, 47, 52,2.9,'',317000,'10%','N',314),
(NULL, 50, 2014, 22, 95, 36, 15, 53,6.8,'France Medica S.A.S.',14013000,'50%','Y',518),
(NULL, 29, 2014, 72, 39, 53, 45, 54,5.9,'',25000,'20%','N',265),
(NULL, 64, 2014, 49, 35, 72, 48, 55,5.9,'',25000,'20%','N',265),
(NULL, 33, 2014, 81, 16, 51, 66, 56,7.6,'Exactech United Kingdom',293000,'50%','Y',282),
(NULL, 22, 2014, 94, 6, 30, 31, 57,5.9,'',25000,'20%','N',265),
(NULL, 55, 2014, 53, 67, 73, 48, 58,2.9,'',317000,'10%','N',314),
(NULL, 51, 2014, 72, 19, 89, 47, 59,5.9,'',25000,'20%','N',265),
(NULL, 76, 2014, 89, 89, 41, 86, 60,5.9,'',25000,'20%','N',265),
(NULL, 24, 2014, 55, 51, 29, 21, 61,2.9,'',317000,'10%','N',314),
(NULL, 25, 2014, 71, 89, 52, 44, 62,5.9,'',25000,'20%','N',265),
(NULL, 13, 2014, 45, 82, 49, 45, 63,3.5,'Optimum Orthopaedics',1805000,'75%','Y',467),
(NULL, 39, 2014, 8, 91, 9, 12, 64,3.2,'Ortogua Ortopaedia',0,'75%','N',301),
(NULL, 13, 2014, 28, 20, 62, 89, 65,2.9,'',317000,'10%','N',314),
(NULL, 41, 2014, 4, 13, 79, 28, 66,2.9,'',317000,'10%','N',314),
(NULL, 7, 2014, 88, 96, 27, 11, 67,2.9,'',317000,'10%','N',314),
(NULL, 89, 2014, 9, 29, 58, 68, 68,2.9,'',317000,'10%','N',314),
(NULL, 63, 2014, 56, 16, 79, 72, 69,2.9,'',317000,'10%','N',314),
(NULL, 10, 2014, 95, 46, 62, 89, 70,5.9,'',25000,'20%','N',265),
(NULL, 0, 2014, 36, 81, 22, 21, 71,5.9,'',25000,'20%','N',265),
(NULL, 10, 2014, 7, 47, 39, 91, 72,5.9,'',25000,'20%','N',265),
(NULL, 98, 2014, 18, 62, 40, 28, 73,6.1,'M. Fast Spine Technology Ltd.',22000,'0%','N',169),
(NULL, 58, 2014, 71, 18, 40, 13, 74,3.3,'Exactech India (NULLP) Ltd.',2569000,'10%','N',376),
(NULL, 17, 2014, 8, 43, 87, 39, 75,5.9,'',25000,'20%','N',265),
(NULL, 33, 2014, 87, 22, 55, 29, 76,5.9,'',25000,'20%','N',265),
(NULL, 73, 2014, 57, 44, 78, 9, 77,5.9,'',25000,'20%','N',265),
(NULL, 76, 2014, 5, 12, 24, 14, 78,5.9,'',25000,'20%','N',265),
(NULL, 54, 2014, 88, 65, 10, 78, 79,3.9,'Micron Medical Srl',39583,'0%','N',269),
(NULL, 0, 2014, 73, 36, 29, 79, 80,5.9,'',25000,'20%','N',265),
(NULL, 25, 2014, 5, 43, 95, 23, 81,4.7,'Internal Medical Supplies CO. Ltd.  Innomedics',42000,'75%','N',233),
(NULL, 73, 2014, 41, 0, 31, 22, 82,7.8,'Exactech Japan KK',5119000,'25%','Y',393),
(NULL, 40, 2014, 45, 98, 90, 13, 83,5.9,'',25000,'20%','N',265),
(NULL, 14, 2014, 51, 18, 6, 18, 84,5.9,'',25000,'20%','N',265),
(NULL, 38, 2014, 39, 95, 34, 18, 85,2.9,'',317000,'10%','N',314),
(NULL, 62, 2014, 32, 81, 67, 52, 86,2.9,'',317000,'10%','N',314),
(NULL, 94, 2014, 54, 14, 24, 85, 87,5.4,'SeChang Meditech, Co.',621000,'25%','N',241),
(NULL, 15, 2014, 15, 36, 64, 13, 88,2.9,'',317000,'10%','N',314),
(NULL, 7, 2014, 43, 99, 43, 47, 89,2.9,'',317000,'10%','N',314),
(NULL, 0, 2014, 54, 76, 43, 54, 90,2.9,'',317000,'10%','N',314),
(NULL, 60, 2014, 88, 47, 69, 84, 91,2.5,'Meditec, Inc.',182000,'75%','N',332),
(NULL, 34, 2014, 68, 35, 81, 56, 92,2.9,'',317000,'10%','N',314),
(NULL, 72, 2014, 39, 30, 52, 94, 93,2.9,'',317000,'10%','N',314),
(NULL, 96, 2014, 59, 52, 79, 89, 94,2.9,'',317000,'10%','N',314),
(NULL, 10, 2014, 48, 74, 18, 72, 95,2.9,'',317000,'10%','N',314),
(NULL, 97, 2014, 82, 59, 20, 3, 96,5.9,'',25000,'20%','N',265),
(NULL, 25, 2014, 20, 49, 0, 38, 97,5.9,'',25000,'20%','N',265),
(NULL, 49, 2014, 63, 56, 69, 87, 98,5.9,'',25000,'20%','N',265),
(NULL, 29, 2014, 4, 15, 85, 8, 99,5.9,'',25000,'20%','N',265),
(NULL, 2, 2014, 16, 4, 3, 11, 100,5.9,'',25000,'20%','N',265),
(NULL, 86, 2014, 16, 96, 89, 63, 101,5.9,'',25000,'20%','N',265),
(NULL, 72, 2014, 93, 35, 12, 20, 102,5.9,'',25000,'20%','N',265),
(NULL, 14, 2014, 77, 64, 60, 18, 103,5.9,'',25000,'20%','N',265),
(NULL, 18, 2014, 4, 69, 77, 34, 104,5.9,'',25000,'20%','N',265),
(NULL, 27, 2014, 58, 6, 68, 53, 105,2.9,'',317000,'10%','N',314),
(NULL, 45, 2014, 65, 35, 37, 44, 106,2.9,'',317000,'10%','N',314),
(NULL, 76, 2014, 93, 31, 42, 33, 107,2.9,'',317000,'10%','N',314),
(NULL, 88, 2014, 41, 80, 62, 69, 108,2.9,'',317000,'10%','N',314),
(NULL, 86, 2014, 6, 60, 42, 55, 109,3.9,'OrtopeidaMexico',5700,'0%','N',305),
(NULL, 90, 2014, 56, 29, 57, 7, 110,5.9,'',25000,'20%','N',265),
(NULL, 69, 2014, 97, 26, 47, 50, 111,5.9,'',25000,'20%','N',265),
(NULL, 5, 2014, 46, 24, 49, 45, 112,5.9,'',25000,'20%','N',265),
(NULL, 27, 2014, 1, 71, 58, 21, 113,5.9,'',25000,'20%','N',265),
(NULL, 41, 2014, 0, 32, 61, 43, 114,5.9,'',25000,'20%','N',265),
(NULL, 6, 2014, 46, 44, 92, 80, 115,5.9,'',25000,'20%','N',265),
(NULL, 60, 2014, 13, 60, 25, 29, 116,5.9,'',25000,'20%','N',265),
(NULL, 1, 2014, 90, 42, 29, 15, 117,8.8,'Oudshoorn b.v.',806000,'75%','N',87),
(NULL, 89, 2014, 47, 74, 92, 55, 118,2.9,'',317000,'10%','N',314),
(NULL, 16, 2014, 93, 66, 79, 22, 119,2.9,'',317000,'10%','N',314),
(NULL, 46, 2014, 83, 7, 63, 21, 120,2.9,'',317000,'10%','N',314),
(NULL, 67, 2014, 58, 0, 47, 17, 121,2.9,'',317000,'10%','N',314),
(NULL, 90, 2014, 32, 34, 85, 62, 122,2.9,'',317000,'10%','N',314),
(NULL, 33, 2014, 47, 51, 2, 0, 123,2.9,'',317000,'10%','N',314),
(NULL, 54, 2014, 80, 81, 53, 58, 124,2.9,'',317000,'10%','N',314),
(NULL, 36, 2014, 53, 35, 96, 15, 125,5.9,'',25000,'20%','N',265),
(NULL, 48, 2014, 51, 1, 55, 59, 126,5.9,'',25000,'20%','N',265),
(NULL, 80, 2014, 98, 0, 93, 76, 127,5.9,'',25000,'20%','N',265),
(NULL, 54, 2014, 36, 41, 48, 55, 128,5.9,'',25000,'20%','N',265),
(NULL, 58, 2014, 72, 29, 77, 85, 129,5.8,'Orthority Corp.',502000,'25%','N',223),
(NULL, 49, 2014, 60, 45, 40, 89, 130,5.9,'',25000,'20%','N',265),
(NULL, 23, 2014, 25, 53, 33, 5, 131,5.9,'',25000,'20%','N',265),
(NULL, 79, 2014, 90, 90, 11, 82, 132,2.9,'',317000,'10%','N',314),
(NULL, 72, 2014, 10, 27, 51, 99, 133,2.9,'',317000,'10%','N',314),
(NULL, 47, 2014, 19, 37, 7, 98, 134,2.9,'',317000,'10%','N',314),
(NULL, 21, 2014, 2, 6, 87, 78, 135,2.9,'',317000,'10%','N',314),
(NULL, 85, 2014, 14, 76, 87, 58, 136,2.9,'',317000,'10%','N',314),
(NULL, 62, 2014, 13, 2, 48, 8, 137,2.9,'',317000,'10%','N',314),
(NULL, 25, 2014, 20, 39, 29, 33, 138,2.9,'',317000,'10%','N',314),
(NULL, 25, 2014, 34, 68, 59, 7, 139,2.9,'',317000,'10%','N',314),
(NULL, 54, 2014, 44, 11, 59, 88, 140,9.2,'Swemac Orthopedics',118000,'75%','N',29),
(NULL, 77, 2014, 26, 54, 5, 59, 141,5.9,'',25000,'20%','N',265),
(NULL, 1, 2014, 15, 41, 91, 68, 142,5.9,'',25000,'20%','N',265),
(NULL, 40, 2014, 17, 29, 12, 93, 143,5.9,'',25000,'20%','N',265),
(NULL, 33, 2014, 79, 89, 61, 21, 144,5.9,'',25000,'20%','N',265),
(NULL, 43, 2014, 28, 17, 73, 91, 145,5.9,'',25000,'20%','N',265),
(NULL, 86, 2014, 75, 74, 16, 15, 146,5.9,'',25000,'20%','N',265),
(NULL, 44, 2014, 31, 51, 14, 6, 147,5.9,'',25000,'20%','N',265),
(NULL, 22, 2014, 82, 51, 19, 78, 148,2.5,'Meditec',0,'0%','N',332),
(NULL, 93, 2014, 63, 53, 84, 44, 149,2.9,'',317000,'10%','N',314),
(NULL, 15, 2014, 29, 62, 89, 90, 150,2.9,'',317000,'10%','N',314),
(NULL, 81, 2014, 99, 16, 92, 40, 151,2.9,'',317000,'10%','N',314),
(NULL, 53, 2014, 12, 72, 94, 63, 152,2.9,'',317000,'10%','N',314),
(NULL, 17, 2014, 2, 5, 74, 2, 153,5.9,'',25000,'20%','N',265),
(NULL, 99, 2014, 7, 13, 95, 70, 154,5.9,'',25000,'20%','N',265),
(NULL, 62, 2014, 69, 6, 59, 19, 155,5.9,'',25000,'20%','N',265),
(NULL, 0, 2014, 27, 24, 88, 0, 156,4.3,'Societe’ MEDORTHO Sar',251000,'75%','N',251),
(NULL, 4, 2014, 17, 99, 24, 37, 157,4.4,'A & S Tibbi Urunler',3191000,'50%','Y',426),
(NULL, 25, 2014, 89, 70, 53, 26, 158,5.8,'Exactech Taiwan',0,'0%','N',183),
(NULL, 81, 2014, 44, 57, 21, 31, 159,5.9,'',25000,'20%','N',265),
(NULL, 82, 2014, 41, 56, 58, 13, 160,5.9,'',25000,'20%','N',265),
(NULL, 79, 2014, 97, 3, 56, 4, 161,5.9,'',25000,'20%','N',265),
(NULL, 71, 2014, 62, 63, 39, 28, 162,5.9,'',25000,'20%','N',265),
(NULL, 6, 2014, 32, 96, 96, 35, 163,5.9,'',25000,'20%','N',265),
(NULL, 54, 2014, 29, 73, 31, 30, 164,2.9,'',317000,'10%','N',314),
(NULL, 22, 2014, 38, 29, 77, 61, 165,2.0,'VCDE Soluciones Medicas',162000,'10%','N',355),
(NULL, 16, 2014, 21, 82, 40, 89, 166,2.9,'',317000,'10%','N',314),
(NULL, 56, 2014, 2, 67, 31, 9, 167,2.9,'',317000,'10%','N',314),
(NULL, 66, 2014, 77, 16, 11, 15, 168,2.9,'',317000,'10%','N',314),
(NULL, 69, 2014, 79, 71, 90, 51, 169,2.9,'',317000,'10%','N',314),
(NULL, 3, 2014, 4, 19, 80, 52, 170,2.9,'',317000,'10%','N',314),
(NULL, 54, 2014, 74, 71, 71, 35, 171,2.9,'',317000,'10%','N',314);


INSERT INTO `proactive_block_weight` (`id`, `cpi_score`, `date`, `government_interaction`, `nature_of_business_operations`, `revenues`, `sales_model_relationships`, `region_id`
  ,`ti_cpi_risk_index`,`entity_or_rip_name`,`annual_revenue`,`percentage_of_government_revenue`,`sales_to_government_customers`
  ,`sale_to_cpi_and_government_customers`) VALUES

(NULL, 77, 2012, 23, 40, 60, 95, 1,2.9,'',317000,'10%','N',314),
(NULL, 39, 2012, 47, 45, 62, 51, 2,5.9,'',25000,'20%','N',265),
(NULL, 28, 2012, 71, 88, 78, 20, 3,5.9,'',25000,'20%','N',265),
(NULL, 47, 2012, 44, 60, 28, 3, 4,2.9,'',317000,'10%','N',314),
(NULL, 58, 2012, 49, 51, 84, 27, 5,2.9,'',317000,'10%','N',314),
(NULL, 63, 2012, 92, 47, 93, 30, 6,2.9,'Swiss Protech S.A./Sinax Medica S.A.',317000,'10%','N',314),
(NULL, 30, 2012, 10, 66, 35, 45, 7,7.9,'Biomedica',4000,'75%','N',88),
(NULL, 7, 2012, 26, 34, 16, 0, 8,2.9,'',317000,'10%','N',314),
(NULL, 33, 2012, 4, 7, 11, 57, 9,2.9,'',317000,'10%','N',314),
(NULL, 31, 2012, 93, 97, 95, 56, 10,2.9,'',317000,'10%','N',314),
(NULL, 12, 2012, 95, 44, 8, 75, 11,2.9,'',317000,'10%','N',314),
(NULL, 5, 2012, 83, 99, 16, 62, 12,7.1,'Ortho‐Team S.A.',1654000,'75%','Y',304),
(NULL, 75, 2012, 40, 1, 40, 1, 13,2.9,'',317000,'10%','N',314),
(NULL, 55, 2012, 49, 88, 45, 34, 14,5.9,'',25000,'20%','N',265),
(NULL, 70, 2012, 95, 57, 27, 8, 15,5.9,'',25000,'20%','N',265),
(NULL, 24, 2012, 39, 33, 49, 81, 16,5.9,'',25000,'20%','N',265),
(NULL, 69, 2012, 28, 86, 14, 20, 17,2.9,'',317000,'10%','N',314),
(NULL, 55, 2012, 17, 22, 2, 12, 18,5.9,'',25000,'20%','N',265),
(NULL, 99, 2012, 85, 40, 68, 88, 19,3.7,'Implamed Implantes Especializados Ltd.',5101000,'25%','Y',578),
(NULL, 64, 2012, 49, 41, 12, 93, 20,5.9,'',25000,'20%','N',265),
(NULL, 81, 2012, 45, 10, 77, 11, 21,5.9,'',25000,'20%','N',265),
(NULL, 4, 2012, 72, 51, 92, 15, 22,5.9,'',25000,'20%','N',265),
(NULL, 92, 2012, 48, 29, 66, 91, 23,2.9,'',317000,'10%','N',314),
(NULL, 6, 2012, 97, 79, 26, 54, 24,8.9,'Exactech Canada',745000,'75%','N',83),
(NULL, 14, 2012, 49, 62, 73, 42, 25,5.9,'',25000,'20%','N',265),
(NULL, 69, 2012, 44, 24, 88, 68, 26,2.9,'',317000,'10%','N',314),
(NULL, 8, 2012, 95, 34, 17, 64, 27,5.9,'',25000,'20%','N',265),
(NULL, 65, 2012, 45, 24, 53, 74, 28,8.7,'Exactech Internation Operations AG',0,'10%','N',52),
(NULL, 60, 2012, 6, 76, 77, 41, 29,2.9,'',317000,'10%','N',314),
(NULL, 89, 2012, 43, 42, 83, 33, 30,2.9,'',317000,'10%','N',314),
(NULL, 89, 2012, 58, 50, 51, 14, 31,2.9,'',317000,'10%','N',314),
(NULL, 40, 2012, 96, 13, 70, 30, 32,3.5,'Exactech Asia Ltd.',2390000,'10%','N',367),
(NULL, 22, 2012, 13, 88, 12, 46, 33,3.5,'Disortho Ltd',5077000,'50%','Y',587),
(NULL, 95, 2012, 86, 68, 29, 50, 34,2.9,'',317000,'10%','N',314),
(NULL, 11, 2012, 91, 39, 59, 75, 35,2.9,'',317000,'10%','N',314),
(NULL, 65, 2012, 20, 73, 41, 95, 36,2.9,'',317000,'10%','N',314),
(NULL, 5, 2012, 19, 80, 73, 7, 37,2.9,'',317000,'10%','N',314),
(NULL, 52, 2012, 95, 11, 99, 0, 38,7.9,'Exactech Deutschland GmbH',1343000,'10%','N',168),
(NULL, 51, 2012, 88, 15, 57, 43, 39,2.9,'',317000,'10%','N',314),
(NULL, 69, 2012, 32, 84, 18, 63, 40,9.3,'Creamer Medical, ApS',145000,'0%','N',25),
(NULL, 56, 2012, 49, 11, 89, 73, 41,2.9,'',317000,'10%','N',314),
(NULL, 27, 2012, 78, 25, 93, 89, 42,2.9,'Mak Medical',32000,'75%','N',314),
(NULL, 78, 2012, 30, 55, 0, 25, 43,2.9,'',317000,'10%','N',314),
(NULL, 60, 2012, 94, 95, 26, 7, 44,2.9,'',317000,'10%','N',314),
(NULL, 6, 2012, 44, 9, 72, 98, 45,2.9,'',317000,'10%','N',314),
(NULL, 76, 2012, 92, 16, 66, 18, 46,2.9,'',317000,'10%','N',314),
(NULL, 16, 2012, 0, 10, 66, 53, 47,2.9,'',317000,'10%','N',314),
(NULL, 20, 2012, 93, 69, 33, 11, 48,6.1,'Exactech Ibérica S.A.U.',8261000,'50%','Y',469),
(NULL, 33, 2012, 33, 92, 11, 53, 49,2.9,'',317000,'10%','N',314),
(NULL, 97, 2012, 34, 74, 10, 24, 50,2.9,'',317000,'10%','N',314),
(NULL, 46, 2012, 90, 98, 99, 14, 51,2.9,'',317000,'10%','N',314),
(NULL, 3, 2012, 72, 8, 58, 47, 52,2.9,'',317000,'10%','N',314),
(NULL, 50, 2012, 22, 95, 36, 15, 53,6.8,'France Medica S.A.S.',14013000,'50%','Y',518),
(NULL, 29, 2012, 72, 39, 53, 45, 54,5.9,'',25000,'20%','N',265),
(NULL, 64, 2012, 49, 35, 72, 48, 55,5.9,'',25000,'20%','N',265),
(NULL, 33, 2012, 81, 16, 51, 66, 56,7.6,'Exactech United Kingdom',293000,'50%','Y',282),
(NULL, 22, 2012, 94, 6, 30, 31, 57,5.9,'',25000,'20%','N',265),
(NULL, 55, 2012, 53, 67, 73, 48, 58,2.9,'',317000,'10%','N',314),
(NULL, 51, 2012, 72, 19, 89, 47, 59,5.9,'',25000,'20%','N',265),
(NULL, 76, 2012, 89, 89, 41, 86, 60,5.9,'',25000,'20%','N',265),
(NULL, 24, 2012, 55, 51, 29, 21, 61,2.9,'',317000,'10%','N',314),
(NULL, 25, 2012, 71, 89, 52, 44, 62,5.9,'',25000,'20%','N',265),
(NULL, 13, 2012, 45, 82, 49, 45, 63,3.5,'Optimum Orthopaedics',1805000,'75%','Y',467),
(NULL, 39, 2012, 8, 91, 9, 12, 64,3.2,'Ortogua Ortopaedia',0,'75%','N',301),
(NULL, 13, 2012, 28, 20, 62, 89, 65,2.9,'',317000,'10%','N',314),
(NULL, 41, 2012, 4, 13, 79, 28, 66,2.9,'',317000,'10%','N',314),
(NULL, 7, 2012, 88, 96, 27, 11, 67,2.9,'',317000,'10%','N',314),
(NULL, 89, 2012, 9, 29, 58, 68, 68,2.9,'',317000,'10%','N',314),
(NULL, 63, 2012, 56, 16, 79, 72, 69,2.9,'',317000,'10%','N',314),
(NULL, 10, 2012, 95, 46, 62, 89, 70,5.9,'',25000,'20%','N',265),
(NULL, 0, 2012, 36, 81, 22, 21, 71,5.9,'',25000,'20%','N',265),
(NULL, 10, 2012, 7, 47, 39, 91, 72,5.9,'',25000,'20%','N',265),
(NULL, 98, 2012, 18, 62, 40, 28, 73,6.1,'M. Fast Spine Technology Ltd.',22000,'0%','N',169),
(NULL, 58, 2012, 71, 18, 40, 13, 74,3.3,'Exactech India (NULLP) Ltd.',2569000,'10%','N',376),
(NULL, 17, 2012, 8, 43, 87, 39, 75,5.9,'',25000,'20%','N',265),
(NULL, 33, 2012, 87, 22, 55, 29, 76,5.9,'',25000,'20%','N',265),
(NULL, 73, 2012, 57, 44, 78, 9, 77,5.9,'',25000,'20%','N',265),
(NULL, 76, 2012, 5, 12, 24, 14, 78,5.9,'',25000,'20%','N',265),
(NULL, 54, 2012, 88, 65, 10, 78, 79,3.9,'Micron Medical Srl',39583,'0%','N',269),
(NULL, 0, 2012, 73, 36, 29, 79, 80,5.9,'',25000,'20%','N',265),
(NULL, 25, 2012, 5, 43, 95, 23, 81,4.7,'Internal Medical Supplies CO. Ltd.  Innomedics',42000,'75%','N',233),
(NULL, 73, 2012, 41, 0, 31, 22, 82,7.8,'Exactech Japan KK',5119000,'25%','Y',393),
(NULL, 40, 2012, 45, 98, 90, 13, 83,5.9,'',25000,'20%','N',265),
(NULL, 14, 2012, 51, 18, 6, 18, 84,5.9,'',25000,'20%','N',265),
(NULL, 38, 2012, 39, 95, 34, 18, 85,2.9,'',317000,'10%','N',314),
(NULL, 62, 2012, 32, 81, 67, 52, 86,2.9,'',317000,'10%','N',314),
(NULL, 94, 2012, 54, 14, 24, 85, 87,5.4,'SeChang Meditech, Co.',621000,'25%','N',241),
(NULL, 15, 2012, 15, 36, 64, 13, 88,2.9,'',317000,'10%','N',314),
(NULL, 7, 2012, 43, 99, 43, 47, 89,2.9,'',317000,'10%','N',314),
(NULL, 0, 2012, 54, 76, 43, 54, 90,2.9,'',317000,'10%','N',314),
(NULL, 60, 2012, 88, 47, 69, 84, 91,2.5,'Meditec, Inc.',182000,'75%','N',332),
(NULL, 34, 2012, 68, 35, 81, 56, 92,2.9,'',317000,'10%','N',314),
(NULL, 72, 2012, 39, 30, 52, 94, 93,2.9,'',317000,'10%','N',314),
(NULL, 96, 2012, 59, 52, 79, 89, 94,2.9,'',317000,'10%','N',314),
(NULL, 10, 2012, 48, 74, 18, 72, 95,2.9,'',317000,'10%','N',314),
(NULL, 97, 2012, 82, 59, 20, 3, 96,5.9,'',25000,'20%','N',265),
(NULL, 25, 2012, 20, 49, 0, 38, 97,5.9,'',25000,'20%','N',265),
(NULL, 49, 2012, 63, 56, 69, 87, 98,5.9,'',25000,'20%','N',265),
(NULL, 29, 2012, 4, 15, 85, 8, 99,5.9,'',25000,'20%','N',265),
(NULL, 2, 2012, 16, 4, 3, 11, 100,5.9,'',25000,'20%','N',265),
(NULL, 86, 2012, 16, 96, 89, 63, 101,5.9,'',25000,'20%','N',265),
(NULL, 72, 2012, 93, 35, 12, 20, 102,5.9,'',25000,'20%','N',265),
(NULL, 14, 2012, 77, 64, 60, 18, 103,5.9,'',25000,'20%','N',265),
(NULL, 18, 2012, 4, 69, 77, 34, 104,5.9,'',25000,'20%','N',265),
(NULL, 27, 2012, 58, 6, 68, 53, 105,2.9,'',317000,'10%','N',314),
(NULL, 45, 2012, 65, 35, 37, 44, 106,2.9,'',317000,'10%','N',314),
(NULL, 76, 2012, 93, 31, 42, 33, 107,2.9,'',317000,'10%','N',314),
(NULL, 88, 2012, 41, 80, 62, 69, 108,2.9,'',317000,'10%','N',314),
(NULL, 86, 2012, 6, 60, 42, 55, 109,3.9,'OrtopeidaMexico',5700,'0%','N',305),
(NULL, 90, 2012, 56, 29, 57, 7, 110,5.9,'',25000,'20%','N',265),
(NULL, 69, 2012, 97, 26, 47, 50, 111,5.9,'',25000,'20%','N',265),
(NULL, 5, 2012, 46, 24, 49, 45, 112,5.9,'',25000,'20%','N',265),
(NULL, 27, 2012, 1, 71, 58, 21, 113,5.9,'',25000,'20%','N',265),
(NULL, 41, 2012, 0, 32, 61, 43, 114,5.9,'',25000,'20%','N',265),
(NULL, 6, 2012, 46, 44, 92, 80, 115,5.9,'',25000,'20%','N',265),
(NULL, 60, 2012, 13, 60, 25, 29, 116,5.9,'',25000,'20%','N',265),
(NULL, 1, 2012, 90, 42, 29, 15, 117,8.8,'Oudshoorn b.v.',806000,'75%','N',87),
(NULL, 89, 2012, 47, 74, 92, 55, 118,2.9,'',317000,'10%','N',314),
(NULL, 16, 2012, 93, 66, 79, 22, 119,2.9,'',317000,'10%','N',314),
(NULL, 46, 2012, 83, 7, 63, 21, 120,2.9,'',317000,'10%','N',314),
(NULL, 67, 2012, 58, 0, 47, 17, 121,2.9,'',317000,'10%','N',314),
(NULL, 90, 2012, 32, 34, 85, 62, 122,2.9,'',317000,'10%','N',314),
(NULL, 33, 2012, 47, 51, 2, 0, 123,2.9,'',317000,'10%','N',314),
(NULL, 54, 2012, 80, 81, 53, 58, 124,2.9,'',317000,'10%','N',314),
(NULL, 36, 2012, 53, 35, 96, 15, 125,5.9,'',25000,'20%','N',265),
(NULL, 48, 2012, 51, 1, 55, 59, 126,5.9,'',25000,'20%','N',265),
(NULL, 80, 2012, 98, 0, 93, 76, 127,5.9,'',25000,'20%','N',265),
(NULL, 54, 2012, 36, 41, 48, 55, 128,5.9,'',25000,'20%','N',265),
(NULL, 58, 2012, 72, 29, 77, 85, 129,5.8,'Orthority Corp.',502000,'25%','N',223),
(NULL, 49, 2012, 60, 45, 40, 89, 130,5.9,'',25000,'20%','N',265),
(NULL, 23, 2012, 25, 53, 33, 5, 131,5.9,'',25000,'20%','N',265),
(NULL, 79, 2012, 90, 90, 11, 82, 132,2.9,'',317000,'10%','N',314),
(NULL, 72, 2012, 10, 27, 51, 99, 133,2.9,'',317000,'10%','N',314),
(NULL, 47, 2012, 19, 37, 7, 98, 134,2.9,'',317000,'10%','N',314),
(NULL, 21, 2012, 2, 6, 87, 78, 135,2.9,'',317000,'10%','N',314),
(NULL, 85, 2012, 14, 76, 87, 58, 136,2.9,'',317000,'10%','N',314),
(NULL, 62, 2012, 13, 2, 48, 8, 137,2.9,'',317000,'10%','N',314),
(NULL, 25, 2012, 20, 39, 29, 33, 138,2.9,'',317000,'10%','N',314),
(NULL, 25, 2012, 34, 68, 59, 7, 139,2.9,'',317000,'10%','N',314),
(NULL, 54, 2012, 44, 11, 59, 88, 140,9.2,'Swemac Orthopedics',118000,'75%','N',29),
(NULL, 77, 2012, 26, 54, 5, 59, 141,5.9,'',25000,'20%','N',265),
(NULL, 1, 2012, 15, 41, 91, 68, 142,5.9,'',25000,'20%','N',265),
(NULL, 40, 2012, 17, 29, 12, 93, 143,5.9,'',25000,'20%','N',265),
(NULL, 33, 2012, 79, 89, 61, 21, 144,5.9,'',25000,'20%','N',265),
(NULL, 43, 2012, 28, 17, 73, 91, 145,5.9,'',25000,'20%','N',265),
(NULL, 86, 2012, 75, 74, 16, 15, 146,5.9,'',25000,'20%','N',265),
(NULL, 44, 2012, 31, 51, 14, 6, 147,5.9,'',25000,'20%','N',265),
(NULL, 22, 2012, 82, 51, 19, 78, 148,2.5,'Meditec',0,'0%','N',332),
(NULL, 93, 2012, 63, 53, 84, 44, 149,2.9,'',317000,'10%','N',314),
(NULL, 15, 2012, 29, 62, 89, 90, 150,2.9,'',317000,'10%','N',314),
(NULL, 81, 2012, 99, 16, 92, 40, 151,2.9,'',317000,'10%','N',314),
(NULL, 53, 2012, 12, 72, 94, 63, 152,2.9,'',317000,'10%','N',314),
(NULL, 17, 2012, 2, 5, 74, 2, 153,5.9,'',25000,'20%','N',265),
(NULL, 99, 2012, 7, 13, 95, 70, 154,5.9,'',25000,'20%','N',265),
(NULL, 62, 2012, 69, 6, 59, 19, 155,5.9,'',25000,'20%','N',265),
(NULL, 0, 2012, 27, 24, 88, 0, 156,4.3,'Societe’ MEDORTHO Sar',251000,'75%','N',251),
(NULL, 4, 2012, 17, 99, 24, 37, 157,4.4,'A & S Tibbi Urunler',3191000,'50%','Y',426),
(NULL, 25, 2012, 89, 70, 53, 26, 158,5.8,'Exactech Taiwan',0,'0%','N',183),
(NULL, 81, 2012, 44, 57, 21, 31, 159,5.9,'',25000,'20%','N',265),
(NULL, 82, 2012, 41, 56, 58, 13, 160,5.9,'',25000,'20%','N',265),
(NULL, 79, 2012, 97, 3, 56, 4, 161,5.9,'',25000,'20%','N',265),
(NULL, 71, 2012, 62, 63, 39, 28, 162,5.9,'',25000,'20%','N',265),
(NULL, 6, 2012, 32, 96, 96, 35, 163,5.9,'',25000,'20%','N',265),
(NULL, 54, 2012, 29, 73, 31, 30, 164,2.9,'',317000,'10%','N',314),
(NULL, 22, 2012, 38, 29, 77, 61, 165,2.0,'VCDE Soluciones Medicas',162000,'10%','N',355),
(NULL, 16, 2012, 21, 82, 40, 89, 166,2.9,'',317000,'10%','N',314),
(NULL, 56, 2012, 2, 67, 31, 9, 167,2.9,'',317000,'10%','N',314),
(NULL, 66, 2012, 77, 16, 11, 15, 168,2.9,'',317000,'10%','N',314),
(NULL, 69, 2012, 79, 71, 90, 51, 169,2.9,'',317000,'10%','N',314),
(NULL, 3, 2012, 4, 19, 80, 52, 170,2.9,'',317000,'10%','N',314),
(NULL, 54, 2012, 74, 71, 71, 35, 171,2.9,'',317000,'10%','N',314);

INSERT INTO `proactive_block_weight` (`id`, `cpi_score`, `date`, `government_interaction`, `nature_of_business_operations`, `revenues`, `sales_model_relationships`, `region_id`
  ,`ti_cpi_risk_index`,`entity_or_rip_name`,`annual_revenue`,`percentage_of_government_revenue`,`sales_to_government_customers`
  ,`sale_to_cpi_and_government_customers`) VALUES

(NULL, 77, 2011, 23, 40, 60, 95, 1,2.9,'',317000,'10%','N',314),
(NULL, 39, 2011, 47, 45, 62, 51, 2,5.9,'',25000,'20%','N',265),
(NULL, 28, 2011, 71, 88, 78, 20, 3,5.9,'',25000,'20%','N',265),
(NULL, 47, 2011, 44, 60, 28, 3, 4,2.9,'',317000,'10%','N',314),
(NULL, 58, 2011, 49, 51, 84, 27, 5,2.9,'',317000,'10%','N',314),
(NULL, 63, 2011, 92, 47, 93, 30, 6,2.9,'Swiss Protech S.A./Sinax Medica S.A.',317000,'10%','N',314),
(NULL, 30, 2011, 10, 66, 35, 45, 7,7.9,'Biomedica',4000,'75%','N',88),
(NULL, 7, 2011, 26, 34, 16, 0, 8,2.9,'',317000,'10%','N',314),
(NULL, 33, 2011, 4, 7, 11, 57, 9,2.9,'',317000,'10%','N',314),
(NULL, 31, 2011, 93, 97, 95, 56, 10,2.9,'',317000,'10%','N',314),
(NULL, 12, 2011, 95, 44, 8, 75, 11,2.9,'',317000,'10%','N',314),
(NULL, 5, 2011, 83, 99, 16, 62, 12,7.1,'Ortho‐Team S.A.',1654000,'75%','Y',304),
(NULL, 75, 2011, 40, 1, 40, 1, 13,2.9,'',317000,'10%','N',314),
(NULL, 55, 2011, 49, 88, 45, 34, 14,5.9,'',25000,'20%','N',265),
(NULL, 70, 2011, 95, 57, 27, 8, 15,5.9,'',25000,'20%','N',265),
(NULL, 24, 2011, 39, 33, 49, 81, 16,5.9,'',25000,'20%','N',265),
(NULL, 69, 2011, 28, 86, 14, 20, 17,2.9,'',317000,'10%','N',314),
(NULL, 55, 2011, 17, 22, 2, 12, 18,5.9,'',25000,'20%','N',265),
(NULL, 99, 2011, 85, 40, 68, 88, 19,3.7,'Implamed Implantes Especializados Ltd.',5101000,'25%','Y',578),
(NULL, 64, 2011, 49, 41, 12, 93, 20,5.9,'',25000,'20%','N',265),
(NULL, 81, 2011, 45, 10, 77, 11, 21,5.9,'',25000,'20%','N',265),
(NULL, 4, 2011, 72, 51, 92, 15, 22,5.9,'',25000,'20%','N',265),
(NULL, 92, 2011, 48, 29, 66, 91, 23,2.9,'',317000,'10%','N',314),
(NULL, 6, 2011, 97, 79, 26, 54, 24,8.9,'Exactech Canada',745000,'75%','N',83),
(NULL, 14, 2011, 49, 62, 73, 42, 25,5.9,'',25000,'20%','N',265),
(NULL, 69, 2011, 44, 24, 88, 68, 26,2.9,'',317000,'10%','N',314),
(NULL, 8, 2011, 95, 34, 17, 64, 27,5.9,'',25000,'20%','N',265),
(NULL, 65, 2011, 45, 24, 53, 74, 28,8.7,'Exactech Internation Operations AG',0,'10%','N',52),
(NULL, 60, 2011, 6, 76, 77, 41, 29,2.9,'',317000,'10%','N',314),
(NULL, 89, 2011, 43, 42, 83, 33, 30,2.9,'',317000,'10%','N',314),
(NULL, 89, 2011, 58, 50, 51, 14, 31,2.9,'',317000,'10%','N',314),
(NULL, 40, 2011, 96, 13, 70, 30, 32,3.5,'Exactech Asia Ltd.',2390000,'10%','N',367),
(NULL, 22, 2011, 13, 88, 12, 46, 33,3.5,'Disortho Ltd',5077000,'50%','Y',587),
(NULL, 95, 2011, 86, 68, 29, 50, 34,2.9,'',317000,'10%','N',314),
(NULL, 11, 2011, 91, 39, 59, 75, 35,2.9,'',317000,'10%','N',314),
(NULL, 65, 2011, 20, 73, 41, 95, 36,2.9,'',317000,'10%','N',314),
(NULL, 5, 2011, 19, 80, 73, 7, 37,2.9,'',317000,'10%','N',314),
(NULL, 52, 2011, 95, 11, 99, 0, 38,7.9,'Exactech Deutschland GmbH',1343000,'10%','N',168),
(NULL, 51, 2011, 88, 15, 57, 43, 39,2.9,'',317000,'10%','N',314),
(NULL, 69, 2011, 32, 84, 18, 63, 40,9.3,'Creamer Medical, ApS',145000,'0%','N',25),
(NULL, 56, 2011, 49, 11, 89, 73, 41,2.9,'',317000,'10%','N',314),
(NULL, 27, 2011, 78, 25, 93, 89, 42,2.9,'Mak Medical',32000,'75%','N',314),
(NULL, 78, 2011, 30, 55, 0, 25, 43,2.9,'',317000,'10%','N',314),
(NULL, 60, 2011, 94, 95, 26, 7, 44,2.9,'',317000,'10%','N',314),
(NULL, 6, 2011, 44, 9, 72, 98, 45,2.9,'',317000,'10%','N',314),
(NULL, 76, 2011, 92, 16, 66, 18, 46,2.9,'',317000,'10%','N',314),
(NULL, 16, 2011, 0, 10, 66, 53, 47,2.9,'',317000,'10%','N',314),
(NULL, 20, 2011, 93, 69, 33, 11, 48,6.1,'Exactech Ibérica S.A.U.',8261000,'50%','Y',469),
(NULL, 33, 2011, 33, 92, 11, 53, 49,2.9,'',317000,'10%','N',314),
(NULL, 97, 2011, 34, 74, 10, 24, 50,2.9,'',317000,'10%','N',314),
(NULL, 46, 2011, 90, 98, 99, 14, 51,2.9,'',317000,'10%','N',314),
(NULL, 3, 2011, 72, 8, 58, 47, 52,2.9,'',317000,'10%','N',314),
(NULL, 50, 2011, 22, 95, 36, 15, 53,6.8,'France Medica S.A.S.',14013000,'50%','Y',518),
(NULL, 29, 2011, 72, 39, 53, 45, 54,5.9,'',25000,'20%','N',265),
(NULL, 64, 2011, 49, 35, 72, 48, 55,5.9,'',25000,'20%','N',265),
(NULL, 33, 2011, 81, 16, 51, 66, 56,7.6,'Exactech United Kingdom',293000,'50%','Y',282),
(NULL, 22, 2011, 94, 6, 30, 31, 57,5.9,'',25000,'20%','N',265),
(NULL, 55, 2011, 53, 67, 73, 48, 58,2.9,'',317000,'10%','N',314),
(NULL, 51, 2011, 72, 19, 89, 47, 59,5.9,'',25000,'20%','N',265),
(NULL, 76, 2011, 89, 89, 41, 86, 60,5.9,'',25000,'20%','N',265),
(NULL, 24, 2011, 55, 51, 29, 21, 61,2.9,'',317000,'10%','N',314),
(NULL, 25, 2011, 71, 89, 52, 44, 62,5.9,'',25000,'20%','N',265),
(NULL, 13, 2011, 45, 82, 49, 45, 63,3.5,'Optimum Orthopaedics',1805000,'75%','Y',467),
(NULL, 39, 2011, 8, 91, 9, 12, 64,3.2,'Ortogua Ortopaedia',0,'75%','N',301),
(NULL, 13, 2011, 28, 20, 62, 89, 65,2.9,'',317000,'10%','N',314),
(NULL, 41, 2011, 4, 13, 79, 28, 66,2.9,'',317000,'10%','N',314),
(NULL, 7, 2011, 88, 96, 27, 11, 67,2.9,'',317000,'10%','N',314),
(NULL, 89, 2011, 9, 29, 58, 68, 68,2.9,'',317000,'10%','N',314),
(NULL, 63, 2011, 56, 16, 79, 72, 69,2.9,'',317000,'10%','N',314),
(NULL, 10, 2011, 95, 46, 62, 89, 70,5.9,'',25000,'20%','N',265),
(NULL, 0, 2011, 36, 81, 22, 21, 71,5.9,'',25000,'20%','N',265),
(NULL, 10, 2011, 7, 47, 39, 91, 72,5.9,'',25000,'20%','N',265),
(NULL, 98, 2011, 18, 62, 40, 28, 73,6.1,'M. Fast Spine Technology Ltd.',22000,'0%','N',169),
(NULL, 58, 2011, 71, 18, 40, 13, 74,3.3,'Exactech India (NULLP) Ltd.',2569000,'10%','N',376),
(NULL, 17, 2011, 8, 43, 87, 39, 75,5.9,'',25000,'20%','N',265),
(NULL, 33, 2011, 87, 22, 55, 29, 76,5.9,'',25000,'20%','N',265),
(NULL, 73, 2011, 57, 44, 78, 9, 77,5.9,'',25000,'20%','N',265),
(NULL, 76, 2011, 5, 12, 24, 14, 78,5.9,'',25000,'20%','N',265),
(NULL, 54, 2011, 88, 65, 10, 78, 79,3.9,'Micron Medical Srl',39583,'0%','N',269),
(NULL, 0, 2011, 73, 36, 29, 79, 80,5.9,'',25000,'20%','N',265),
(NULL, 25, 2011, 5, 43, 95, 23, 81,4.7,'Internal Medical Supplies CO. Ltd.  Innomedics',42000,'75%','N',233),
(NULL, 73, 2011, 41, 0, 31, 22, 82,7.8,'Exactech Japan KK',5119000,'25%','Y',393),
(NULL, 40, 2011, 45, 98, 90, 13, 83,5.9,'',25000,'20%','N',265),
(NULL, 14, 2011, 51, 18, 6, 18, 84,5.9,'',25000,'20%','N',265),
(NULL, 38, 2011, 39, 95, 34, 18, 85,2.9,'',317000,'10%','N',314),
(NULL, 62, 2011, 32, 81, 67, 52, 86,2.9,'',317000,'10%','N',314),
(NULL, 94, 2011, 54, 14, 24, 85, 87,5.4,'SeChang Meditech, Co.',621000,'25%','N',241),
(NULL, 15, 2011, 15, 36, 64, 13, 88,2.9,'',317000,'10%','N',314),
(NULL, 7, 2011, 43, 99, 43, 47, 89,2.9,'',317000,'10%','N',314),
(NULL, 0, 2011, 54, 76, 43, 54, 90,2.9,'',317000,'10%','N',314),
(NULL, 60, 2011, 88, 47, 69, 84, 91,2.5,'Meditec, Inc.',182000,'75%','N',332),
(NULL, 34, 2011, 68, 35, 81, 56, 92,2.9,'',317000,'10%','N',314),
(NULL, 72, 2011, 39, 30, 52, 94, 93,2.9,'',317000,'10%','N',314),
(NULL, 96, 2011, 59, 52, 79, 89, 94,2.9,'',317000,'10%','N',314),
(NULL, 10, 2011, 48, 74, 18, 72, 95,2.9,'',317000,'10%','N',314),
(NULL, 97, 2011, 82, 59, 20, 3, 96,5.9,'',25000,'20%','N',265),
(NULL, 25, 2011, 20, 49, 0, 38, 97,5.9,'',25000,'20%','N',265),
(NULL, 49, 2011, 63, 56, 69, 87, 98,5.9,'',25000,'20%','N',265),
(NULL, 29, 2011, 4, 15, 85, 8, 99,5.9,'',25000,'20%','N',265),
(NULL, 2, 2011, 16, 4, 3, 11, 100,5.9,'',25000,'20%','N',265),
(NULL, 86, 2011, 16, 96, 89, 63, 101,5.9,'',25000,'20%','N',265),
(NULL, 72, 2011, 93, 35, 12, 20, 102,5.9,'',25000,'20%','N',265),
(NULL, 14, 2011, 77, 64, 60, 18, 103,5.9,'',25000,'20%','N',265),
(NULL, 18, 2011, 4, 69, 77, 34, 104,5.9,'',25000,'20%','N',265),
(NULL, 27, 2011, 58, 6, 68, 53, 105,2.9,'',317000,'10%','N',314),
(NULL, 45, 2011, 65, 35, 37, 44, 106,2.9,'',317000,'10%','N',314),
(NULL, 76, 2011, 93, 31, 42, 33, 107,2.9,'',317000,'10%','N',314),
(NULL, 88, 2011, 41, 80, 62, 69, 108,2.9,'',317000,'10%','N',314),
(NULL, 86, 2011, 6, 60, 42, 55, 109,3.9,'OrtopeidaMexico',5700,'0%','N',305),
(NULL, 90, 2011, 56, 29, 57, 7, 110,5.9,'',25000,'20%','N',265),
(NULL, 69, 2011, 97, 26, 47, 50, 111,5.9,'',25000,'20%','N',265),
(NULL, 5, 2011, 46, 24, 49, 45, 112,5.9,'',25000,'20%','N',265),
(NULL, 27, 2011, 1, 71, 58, 21, 113,5.9,'',25000,'20%','N',265),
(NULL, 41, 2011, 0, 32, 61, 43, 114,5.9,'',25000,'20%','N',265),
(NULL, 6, 2011, 46, 44, 92, 80, 115,5.9,'',25000,'20%','N',265),
(NULL, 60, 2011, 13, 60, 25, 29, 116,5.9,'',25000,'20%','N',265),
(NULL, 1, 2011, 90, 42, 29, 15, 117,8.8,'Oudshoorn b.v.',806000,'75%','N',87),
(NULL, 89, 2011, 47, 74, 92, 55, 118,2.9,'',317000,'10%','N',314),
(NULL, 16, 2011, 93, 66, 79, 22, 119,2.9,'',317000,'10%','N',314),
(NULL, 46, 2011, 83, 7, 63, 21, 120,2.9,'',317000,'10%','N',314),
(NULL, 67, 2011, 58, 0, 47, 17, 121,2.9,'',317000,'10%','N',314),
(NULL, 90, 2011, 32, 34, 85, 62, 122,2.9,'',317000,'10%','N',314),
(NULL, 33, 2011, 47, 51, 2, 0, 123,2.9,'',317000,'10%','N',314),
(NULL, 54, 2011, 80, 81, 53, 58, 124,2.9,'',317000,'10%','N',314),
(NULL, 36, 2011, 53, 35, 96, 15, 125,5.9,'',25000,'20%','N',265),
(NULL, 48, 2011, 51, 1, 55, 59, 126,5.9,'',25000,'20%','N',265),
(NULL, 80, 2011, 98, 0, 93, 76, 127,5.9,'',25000,'20%','N',265),
(NULL, 54, 2011, 36, 41, 48, 55, 128,5.9,'',25000,'20%','N',265),
(NULL, 58, 2011, 72, 29, 77, 85, 129,5.8,'Orthority Corp.',502000,'25%','N',223),
(NULL, 49, 2011, 60, 45, 40, 89, 130,5.9,'',25000,'20%','N',265),
(NULL, 23, 2011, 25, 53, 33, 5, 131,5.9,'',25000,'20%','N',265),
(NULL, 79, 2011, 90, 90, 11, 82, 132,2.9,'',317000,'10%','N',314),
(NULL, 72, 2011, 10, 27, 51, 99, 133,2.9,'',317000,'10%','N',314),
(NULL, 47, 2011, 19, 37, 7, 98, 134,2.9,'',317000,'10%','N',314),
(NULL, 21, 2011, 2, 6, 87, 78, 135,2.9,'',317000,'10%','N',314),
(NULL, 85, 2011, 14, 76, 87, 58, 136,2.9,'',317000,'10%','N',314),
(NULL, 62, 2011, 13, 2, 48, 8, 137,2.9,'',317000,'10%','N',314),
(NULL, 25, 2011, 20, 39, 29, 33, 138,2.9,'',317000,'10%','N',314),
(NULL, 25, 2011, 34, 68, 59, 7, 139,2.9,'',317000,'10%','N',314),
(NULL, 54, 2011, 44, 11, 59, 88, 140,9.2,'Swemac Orthopedics',118000,'75%','N',29),
(NULL, 77, 2011, 26, 54, 5, 59, 141,5.9,'',25000,'20%','N',265),
(NULL, 1, 2011, 15, 41, 91, 68, 142,5.9,'',25000,'20%','N',265),
(NULL, 40, 2011, 17, 29, 12, 93, 143,5.9,'',25000,'20%','N',265),
(NULL, 33, 2011, 79, 89, 61, 21, 144,5.9,'',25000,'20%','N',265),
(NULL, 43, 2011, 28, 17, 73, 91, 145,5.9,'',25000,'20%','N',265),
(NULL, 86, 2011, 75, 74, 16, 15, 146,5.9,'',25000,'20%','N',265),
(NULL, 44, 2011, 31, 51, 14, 6, 147,5.9,'',25000,'20%','N',265),
(NULL, 22, 2011, 82, 51, 19, 78, 148,2.5,'Meditec',0,'0%','N',332),
(NULL, 93, 2011, 63, 53, 84, 44, 149,2.9,'',317000,'10%','N',314),
(NULL, 15, 2011, 29, 62, 89, 90, 150,2.9,'',317000,'10%','N',314),
(NULL, 81, 2011, 99, 16, 92, 40, 151,2.9,'',317000,'10%','N',314),
(NULL, 53, 2011, 12, 72, 94, 63, 152,2.9,'',317000,'10%','N',314),
(NULL, 17, 2011, 2, 5, 74, 2, 153,5.9,'',25000,'20%','N',265),
(NULL, 99, 2011, 7, 13, 95, 70, 154,5.9,'',25000,'20%','N',265),
(NULL, 62, 2011, 69, 6, 59, 19, 155,5.9,'',25000,'20%','N',265),
(NULL, 0, 2011, 27, 24, 88, 0, 156,4.3,'Societe’ MEDORTHO Sar',251000,'75%','N',251),
(NULL, 4, 2011, 17, 99, 24, 37, 157,4.4,'A & S Tibbi Urunler',3191000,'50%','Y',426),
(NULL, 25, 2011, 89, 70, 53, 26, 158,5.8,'Exactech Taiwan',0,'0%','N',183),
(NULL, 81, 2011, 44, 57, 21, 31, 159,5.9,'',25000,'20%','N',265),
(NULL, 82, 2011, 41, 56, 58, 13, 160,5.9,'',25000,'20%','N',265),
(NULL, 79, 2011, 97, 3, 56, 4, 161,5.9,'',25000,'20%','N',265),
(NULL, 71, 2011, 62, 63, 39, 28, 162,5.9,'',25000,'20%','N',265),
(NULL, 6, 2011, 32, 96, 96, 35, 163,5.9,'',25000,'20%','N',265),
(NULL, 54, 2011, 29, 73, 31, 30, 164,2.9,'',317000,'10%','N',314),
(NULL, 22, 2011, 38, 29, 77, 61, 165,2.0,'VCDE Soluciones Medicas',162000,'10%','N',355),
(NULL, 16, 2011, 21, 82, 40, 89, 166,2.9,'',317000,'10%','N',314),
(NULL, 56, 2011, 2, 67, 31, 9, 167,2.9,'',317000,'10%','N',314),
(NULL, 66, 2011, 77, 16, 11, 15, 168,2.9,'',317000,'10%','N',314),
(NULL, 69, 2011, 79, 71, 90, 51, 169,2.9,'',317000,'10%','N',314),
(NULL, 3, 2011, 4, 19, 80, 52, 170,2.9,'',317000,'10%','N',314),
(NULL, 54, 2011, 74, 71, 71, 35, 171,2.9,'',317000,'10%','N',314);



UPDATE `proactive_block_weight` SET `sales_to_government_customers`='Yes' WHERE `sales_to_government_customers`='Y';
UPDATE `proactive_block_weight` SET `sales_to_government_customers`='No' WHERE `sales_to_government_customers`='N';
UPDATE `proactive_block_weight` SET `ti_cpi_risk_index`= 0 WHERE `entity_or_rip_name`='';
UPDATE `proactive_block_weight` SET `annual_revenue`=0,`entity_or_rip_name`='',`percentage_of_government_revenue`='',`sale_to_cpi_and_government_customers`=0,`sales_to_government_customers`='' WHERE `ti_cpi_risk_index`='';
ALTER TABLE `training_question` CHANGE `text` `text` TEXT CHARACTER SET latin1 COLLATE latin1_swedish_ci NULL DEFAULT NULL;
UPDATE `transaction_li` SET `headName` = 'Initiator Submitter Name' WHERE `headName` = 'Doc ID';

####### Added by Md. Habibur Rahman  29-04-2014 10:30:17AM #########
 /* Total 50 Controls from jamals missing xls*/


 INSERT INTO `control` (`id`, `created`, `created_by`, `modified`, `modified_by`, `active`, `name`, `transaction_type` ) VALUES (1, '2014-04-29 00:00:00', 'Admin', NULL, NULL, b'1', 'Payment/expenditure is not to/on behalf of an individual or government official.', 'Third Party Transaction');
 INSERT INTO `control` (`id`, `created`, `created_by`, `modified`, `modified_by`, `active`, `name`, `transaction_type` ) VALUES (2, '2014-04-29 00:00:00', 'Admin', NULL, NULL, b'1', 'General ledger account coding appropriately reflects the nature of the transaction.', 'Third Party Transaction');
 INSERT INTO `control` (`id`, `created`, `created_by`, `modified`, `modified_by`, `active`, `name`, `transaction_type` ) VALUES (3, '2014-04-29 00:00:00', 'Admin', NULL, NULL, b'1', 'Supporting documentation is in accordance with the company policy and/or includes the following: contract and/or purchase order, invoice, act of acceptance and/or goods receipt note and/or services receipt note, approval form and evidence of payment.', 'Third Party Transaction');
 INSERT INTO `control` (`id`, `created`, `created_by`, `modified`, `modified_by`, `active`, `name`, `transaction_type` ) VALUES (4, '2014-04-29 00:00:00', 'Admin', NULL, NULL, b'1', 'Relevant approvals noted for the transaction in line with policy.', 'Third Party Transaction');
 INSERT INTO `control` (`id`, `created`, `created_by`, `modified`, `modified_by`, `active`, `name`, `transaction_type` ) VALUES (5, '2014-04-29 00:00:00', 'Admin', NULL, NULL, b'1', 'Supporting documentation includes evidence that verifies that the approvals were rendered prior to payment  (i.e. compare approval dates with payment dates).', 'Third Party Transaction');
 INSERT INTO `control` (`id`, `created`, `created_by`, `modified`, `modified_by`, `active`, `name`, `transaction_type` ) VALUES (6, '2014-04-29 00:00:00', 'Admin', NULL, NULL, b'1', 'Invoice and supporting documentation do not contain any generic line items, such as "additional services", "miscellaneous" or "other" and other questionable items.', 'Third Party Transaction');
 INSERT INTO `control` (`id`, `created`, `created_by`, `modified`, `modified_by`, `active`, `name`, `transaction_type` ) VALUES (7, '2014-04-29 00:00:00', 'Admin', NULL, NULL, b'1', 'Supporting documentation includes evidence that verifies that the goods and services were rendered after execution of contract and/or addendum  (i.e. compare invoice dates with contract/addendum effective dates).', 'Third Party Transaction');
 INSERT INTO `control` (`id`, `created`, `created_by`, `modified`, `modified_by`, `active`, `name`, `transaction_type` ) VALUES (8, '2014-04-29 00:00:00', 'Admin', NULL, NULL, b'1', 'Pricing of goods and services rendered is in accordance with the effective contract.', 'Third Party Transaction');
 INSERT INTO `control` (`id`, `created`, `created_by`, `modified`, `modified_by`, `active`, `name`, `transaction_type` ) VALUES (9, '2014-04-29 00:00:00', 'Admin', NULL, NULL, b'1', 'Supporting documentation includes evidence that verifies that the goods and services were rendered prior to payment  (i.e. compare invoice dates with payment dates).', 'Third Party Transaction');
 INSERT INTO `control` (`id`, `created`, `created_by`, `modified`, `modified_by`, `active`, `name`, `transaction_type` ) VALUES (10, '2014-04-29 00:00:00', 'Admin', NULL, NULL, b'1', 'The payment method was proper (i.e. no cash payments, no payment to bank accounts outside the country where the services were offered, no split payments; only ACH/EFT or wire transfers).', 'Third Party Transaction');
/* new added  third party transaction*/
 INSERT INTO `control` (`id`, `created`, `created_by`, `modified`, `modified_by`, `active`, `name`, `transaction_type` ) VALUES (11, '2014-04-29 00:00:00', 'Admin', NULL, NULL, b'1', 'Expenditure is allowable per the Company''s policy.', 'Third Party Transaction');
 INSERT INTO `control` (`id`, `created`, `created_by`, `modified`, `modified_by`, `active`, `name`, `transaction_type` ) VALUES (12, '2014-04-29 00:00:00', 'Admin', NULL, NULL, b'1', 'At the time payment was made, the vendor is an approved entity per the company approved vendor master file.', 'Third Party Transaction');
 INSERT INTO `control` (`id`, `created`, `created_by`, `modified`, `modified_by`, `active`, `name`, `transaction_type` ) VALUES (13, '2014-04-29 00:00:00', 'Admin', NULL, NULL, b'1', 'The company followed appropriate due diligence procedures on third party prior to entering to business with him/her. ', 'Third Party Transaction');
 INSERT INTO `control` (`id`, `created`, `created_by`, `modified`, `modified_by`, `active`, `name`, `transaction_type` ) VALUES (14, '2014-04-29 00:00:00', 'Admin', NULL, NULL, b'1', 'The due diligence file for the busienss partner contains evidence of the following: interviews and site visits, application/questionnaire, reference checks, background checks  (e.g. basic overview of business partner history limited to review of watch and sanctions lists and a range of relevant media; field investigation that provides site visits, validation of corporate, criminal and civil records, review of public documents, social networking and interviews to establish business partner’s history and relationships), certifications and attestations.', 'Third Party Transaction');
 INSERT INTO `control` (`id`, `created`, `created_by`, `modified`, `modified_by`, `active`, `name`, `transaction_type` ) VALUES (15, '2014-04-29 00:00:00', 'Admin', NULL, NULL, b'1', 'The business partner was properly notified of and educated/trained on FCPA, company''s anti-corruption commitment and other anti-corruption laws.', 'Third Party Transaction');
 INSERT INTO `control` (`id`, `created`, `created_by`, `modified`, `modified_by`, `active`, `name`, `transaction_type` ) VALUES (16, '2014-04-29 00:00:00', 'Admin', NULL, NULL, b'1', 'The FCPA clause is present in contract with business partner.', 'Third Party Transaction');

  INSERT INTO `control` (`id`, `created`, `created_by`, `modified`, `modified_by`, `active`, `name`, `transaction_type` ) VALUES (17, '2014-04-29 00:00:00', 'Admin', NULL, NULL, b'1', 'Expenditure is allowable per the company policy and/or does not relate to the following items: (i) charitable contributions, (ii) lobbying & political contributions, (iii) employee, customer, and government officials gifts and product samples, (iv) duties', 'General Ledger Transaction');
  INSERT INTO `control` (`id`, `created`, `created_by`, `modified`, `modified_by`, `active`, `name`, `transaction_type` ) VALUES (18, '2014-04-29 00:00:00', 'Admin', NULL, NULL, b'1', 'Payment/expenditure is not to/on behalf of a government official.', 'General Ledger Transaction');
  INSERT INTO `control` (`id`, `created`, `created_by`, `modified`, `modified_by`, `active`, `name`, `transaction_type` ) VALUES (19, '2014-04-29 00:00:00', 'Admin', NULL, NULL, b'1', 'General ledger account coding appropriately reflects the nature of the expenditure.', 'General Ledger Transaction');
  INSERT INTO `control` (`id`, `created`, `created_by`, `modified`, `modified_by`, `active`, `name`, `transaction_type` ) VALUES (20, '2014-04-29 00:00:00', 'Admin', NULL, NULL, b'1', 'Supporting documentation/receipts do not contain any generic line items, such as "additional services", "miscellaneous" or "other" and other questionable items.', 'General Ledger Transaction');
  INSERT INTO `control` (`id`, `created`, `created_by`, `modified`, `modified_by`, `active`, `name`, `transaction_type` ) VALUES (21, '2014-04-29 00:00:00', 'Admin', NULL, NULL, b'1', 'Relevant approvals noted for the transaction in line with policy.', 'General Ledger Transaction');
  INSERT INTO `control` (`id`, `created`, `created_by`, `modified`, `modified_by`, `active`, `name`, `transaction_type` ) VALUES (22, '2014-04-29 00:00:00', 'Admin', NULL, NULL, b'1', 'Is expense reimbursement mathematically accurate?', 'General Ledger Transaction');
  INSERT INTO `control` (`id`, `created`, `created_by`, `modified`, `modified_by`, `active`, `name`, `transaction_type` ) VALUES (23, '2014-04-29 00:00:00', 'Admin', NULL, NULL, b'1', 'Description of expense, business purpose and location of expense, including company and attendees where appropriate, are properly documented in the supporting documentation.', 'General Ledger Transaction');
  INSERT INTO `control` (`id`, `created`, `created_by`, `modified`, `modified_by`, `active`, `name`, `transaction_type` ) VALUES (24, '2014-04-29 00:00:00', 'Admin', NULL, NULL, b'1', 'Payroll amount paid to employee with a valid address and identfication number.', 'General Ledger Transaction');
  INSERT INTO `control` (`id`, `created`, `created_by`, `modified`, `modified_by`, `active`, `name`, `transaction_type` ) VALUES (25, '2014-04-29 00:00:00', 'Admin', NULL, NULL, b'1', 'Employee name per the employee payroll list matches the employee list of the human resource list.', 'General Ledger Transaction');
  INSERT INTO `control` (`id`, `created`, `created_by`, `modified`, `modified_by`, `active`, `name`, `transaction_type` ) VALUES (26, '2014-04-29 00:00:00', 'Admin', NULL, NULL, b'1', 'Name appearing on the payroll list has not been terminated.', 'General Ledger Transaction');
  INSERT INTO `control` (`id`, `created`, `created_by`, `modified`, `modified_by`, `active`, `name`, `transaction_type` ) VALUES (27, '2014-04-29 00:00:00', 'Admin', NULL, NULL, b'1', 'Cash advance/petty cash disbursement is permitted under local policy or use of credit card, debit card or other acceptable methods of payment are not available due to country restrictions, local customs, laws or regulations?  (Reasonable assessment of local customs)', 'General Ledger Transaction');
  INSERT INTO `control` (`id`, `created`, `created_by`, `modified`, `modified_by`, `active`, `name`, `transaction_type` ) VALUES (28, '2014-04-29 00:00:00', 'Admin', NULL, NULL, b'1', 'Expenditure underlying the cash advance/petty cash disbursement is allowable per the company policy and/or does not relate to the following items: (i) customer T&E, (ii) charitable contributions, (iii) lobbying & political contributions, (iv) employee, customer, and government officials gifts and product samples, (v) duties, brokerage and custom fees, (vi) facilitating payments, (vii) loans and payroll advances and etc.', 'General Ledger Transaction');
  INSERT INTO `control` (`id`, `created`, `created_by`, `modified`, `modified_by`, `active`, `name`, `transaction_type` ) VALUES (29, '2014-04-29 00:00:00', 'Admin', NULL, NULL, b'1', 'Supporting documentation is in accordance with company policy and/or includes the following: employee advance form/petty cash disbursement form, approval form, underlying expense report and receipts.', 'General Ledger Transaction');
  INSERT INTO `control` (`id`, `created`, `created_by`, `modified`, `modified_by`, `active`, `name`, `transaction_type` ) VALUES (30, '2014-04-29 00:00:00', 'Admin', NULL, NULL, b'1', 'Is unused cash advance/petty cash disbursement balance returned back to the company.', 'General Ledger Transaction');
  /* new added General Ledger Transaction*/
  INSERT INTO `control` (`id`, `created`, `created_by`, `modified`, `modified_by`, `active`, `name`, `transaction_type` ) VALUES (31, '2014-04-29 00:00:00', 'Admin', NULL, NULL, b'1', 'Supporting documentation is in accordance with company policy and/or includes the following: expense report, approval form and underlying receipts.', 'General Ledger Transaction');
  INSERT INTO `control` (`id`, `created`, `created_by`, `modified`, `modified_by`, `active`, `name`, `transaction_type` ) VALUES (32, '2014-04-29 00:00:00', 'Admin', NULL, NULL, b'1', 'Payment/expenditure is not to/on behalf of a government official.', 'General Ledger Transaction');
  INSERT INTO `control` (`id`, `created`, `created_by`, `modified`, `modified_by`, `active`, `name`, `transaction_type` ) VALUES (33, '2014-04-29 00:00:00', 'Admin', NULL, NULL, b'1', 'General ledger account coding appropriately reflects the nature of the expenditure.', 'General Ledger Transaction');
  INSERT INTO `control` (`id`, `created`, `created_by`, `modified`, `modified_by`, `active`, `name`, `transaction_type` ) VALUES (34, '2014-04-29 00:00:00', 'Admin', NULL, NULL, b'1', 'Supporting documentation/receipts do not contain any generic line items, such as "additional services", "miscellaneous" or "other" and other questionable items.', 'General Ledger Transaction');
  INSERT INTO `control` (`id`, `created`, `created_by`, `modified`, `modified_by`, `active`, `name`, `transaction_type` ) VALUES (35, '2014-04-29 00:00:00', 'Admin', NULL, NULL, b'1', 'Relevant approvals noted for the transaction in line with policy.', 'General Ledger Transaction');
  INSERT INTO `control` (`id`, `created`, `created_by`, `modified`, `modified_by`, `active`, `name`, `transaction_type` ) VALUES (36, '2014-04-29 00:00:00', 'Admin', NULL, NULL, b'1', 'Description of expense, business purpose and location of expense are properly documented in the supporting documentation.', 'General Ledger Transaction');

  INSERT INTO `control` (`id`, `created`, `created_by`, `modified`, `modified_by`, `active`, `name`, `transaction_type` ) VALUES (37, '2014-04-29 00:00:00', 'Admin', NULL, NULL, b'1', 'At the time of transaction, including sale, credit note and other incentive, the customer is an approved entity per the company approved customer master file.', 'Customer Transaction');
  INSERT INTO `control` (`id`, `created`, `created_by`, `modified`, `modified_by`, `active`, `name`, `transaction_type` ) VALUES (38, '2014-04-29 00:00:00', 'Admin', NULL, NULL, b'1', 'Credit note and other incentive is not to/on behalf of an individual or government official.', 'Customer Transaction');
  INSERT INTO `control` (`id`, `created`, `created_by`, `modified`, `modified_by`, `active`, `name`, `transaction_type` ) VALUES (39, '2014-04-29 00:00:00', 'Admin', NULL, NULL, b'1', 'General ledger account coding appropriately reflects the nature of the transaction.', 'Customer Transaction');
  INSERT INTO `control` (`id`, `created`, `created_by`, `modified`, `modified_by`, `active`, `name`, `transaction_type` ) VALUES (40, '2014-04-29 00:00:00', 'Admin', NULL, NULL, b'1', 'Supporting documentation is in accordance with the company policy and/or includes the following: contract and/or purchase order, invoice, act of acceptance and/or goods receipt note and/or services receipt note, approval form and evidence of payment.', 'Customer Transaction');
  INSERT INTO `control` (`id`, `created`, `created_by`, `modified`, `modified_by`, `active`, `name`, `transaction_type` ) VALUES (41, '2014-04-29 00:00:00', 'Admin', NULL, NULL, b'1', 'Supporting documentation includes evidence that verifies that the transaction, including sale, credit note and other incentive, was rendered after execution of contract and/or addendum (i.e. compare invoice dates with contract/addendum effective dates).', 'Customer Transaction');
  INSERT INTO `control` (`id`, `created`, `created_by`, `modified`, `modified_by`, `active`, `name`, `transaction_type` ) VALUES (42, '2014-04-29 00:00:00', 'Admin', NULL, NULL, b'1', 'Pricing of goods and services rendered, credit notes or other incentive is in accordance with the effective contract.', 'Customer Transaction');
  /* new added Customer Transaction*/
  INSERT INTO `control` (`id`, `created`, `created_by`, `modified`, `modified_by`, `active`, `name`, `transaction_type` ) VALUES (43, '2014-04-29 00:00:00', 'Admin', NULL, NULL, b'1', 'Relevant approvals noted for the transaction in line with policy.', 'Customer Transaction');
  INSERT INTO `control` (`id`, `created`, `created_by`, `modified`, `modified_by`, `active`, `name`, `transaction_type` ) VALUES (44, '2014-04-29 00:00:00', 'Admin', NULL, NULL, b'1', 'Supporting documentation includes evidence that verifies that the transaction, including sale, credit note and other incentive, was rendered after execution of contract and/or addendum (i.e. compare invoice dates with contract/addendum effective dates).', 'Customer Transaction');
  INSERT INTO `control` (`id`, `created`, `created_by`, `modified`, `modified_by`, `active`, `name`, `transaction_type` ) VALUES (45, '2014-04-29 00:00:00', 'Admin', NULL, NULL, b'1', 'If the transaction involves a bid or government contract, determine if the transaction went through a bid or tender process.', 'Customer Transaction');
  INSERT INTO `control` (`id`, `created`, `created_by`, `modified`, `modified_by`, `active`, `name`, `transaction_type` ) VALUES (46, '2014-04-29 00:00:00', 'Admin', NULL, NULL, b'1', 'If the transaction involves a bid or government contract, determine if such bid or tender was performed in accordance with company policy and appropriate legal guidelines.', 'Customer Transaction');
  INSERT INTO `control` (`id`, `created`, `created_by`, `modified`, `modified_by`, `active`, `name`, `transaction_type` ) VALUES (47, '2014-04-29 00:00:00', 'Admin', NULL, NULL, b'1', 'The company followed appropriate due diligence on third party prior to entering to business with him/her.', 'Customer Transaction');
  INSERT INTO `control` (`id`, `created`, `created_by`, `modified`, `modified_by`, `active`, `name`, `transaction_type` ) VALUES (48, '2014-04-29 00:00:00', 'Admin', NULL, NULL, b'1', 'The due diligence file for the busienss partner contains evidence of the following: interviews and site visits, application/questionnaire, reference checks, background checks  (e.g. basic overview of business partner history limited to review of watch and sanctions lists and a range of relevant media; field investigation that provides site visits, validation of corporate, criminal and civil records, review of public documents, social networking and interviews to establish business partner’s history and relationships), certifications and attestations.', 'Customer Transaction');
  INSERT INTO `control` (`id`, `created`, `created_by`, `modified`, `modified_by`, `active`, `name`, `transaction_type` ) VALUES (49, '2014-04-29 00:00:00', 'Admin', NULL, NULL, b'1', 'The business partner was properly notified of and educated/trained on FCPA, company''s anti-corruption commitment and other anti-corruption laws.', 'Customer Transaction');
  INSERT INTO `control` (`id`, `created`, `created_by`, `modified`, `modified_by`, `active`, `name`, `transaction_type` ) VALUES (50, '2014-04-29 00:00:00', 'Admin', NULL, NULL, b'1', 'The FCPA clause is present in contract with business partner', 'Customer Transaction');

#   amjad  বুধ এপ্রি 30 10:43:43 BDT 2014
ALTER TABLE rule MODIFY select_clause TEXT;
ALTER TABLE rule MODIFY from_clause TEXT;
ALTER TABLE rule MODIFY where_clause TEXT;

INSERT INTO  `rule` (`id`, `is_active`, `rule_code`, `rule_explanation`, `rule_title`, `select_clause`, `where_clause` ) VALUES (1, 1, 'WDSV', 'Identify transaction with "Entity Name" not having a designated status value on Vendor/Customer Master files', 'Transaction with entity without designated status value', '  SELECT :ruleId AS ruleId ,:ruleTitle AS ruleTitle  ,:ruleCode AS ruleCode  ,:ruleExp AS ruleExp  ,tx.id AS transactionId,  tx.job_id FROM transaction tx  JOIN  vendor_master_ledger vm ON ( vm.id = tx.vendor_master_ledger_FK) where (entity_status = '''') AND tx.job_Id = :jobId', 'WHERE (vml.entity_status = '''' OR vml.entity_status is null OR vml.entity_status = ''inactive'' OR vml.entity_status = ''active'' OR vml.entity_status = ''blank'' ) AND tx.job_Id = :jobId');
INSERT INTO  `rule` (`id`, `is_active`, `rule_code`, `rule_explanation`, `rule_title`, `select_clause`, `where_clause` ) VALUES (2, 1, 'DDOC', 'Identify transactions with duplicate "Document Number"', 'Transactions with duplicate document numbers', 'SELECT :ruleId AS ruleId ,:ruleTitle AS ruleTitle ,:ruleCode AS ruleCode ,:ruleExp AS ruleExp ,tx.id AS transactionId, tx.job_id FROM transaction tx INNER JOIN (accounts_payable_ledger_information apl INNER JOIN (SELECT document_number, document_date FROM accounts_payable_ledger_information GROUP BY document_number HAVING COUNT(id) > 1) temp ON apl.document_number = temp.document_number) ON tx.id = apl.transaction_fk WHERE tx.job_Id = :jobId', 'WHERE (year(arl.document_date)=year(temp.document_date) ) AND tx.job_Id = :jobId');
INSERT INTO  `rule` (`id`, `is_active`, `rule_code`, `rule_explanation`, `rule_title`, `select_clause`, `where_clause` ) VALUES (3, 1, 'MEAD', 'Indentify "Entity Name" with "Entity Address" matching/similar to "Employee Address" per Vendor Master File/Employee Listing (if different from Vendor Master File)', 'Transaction with third party entity with address matching an employee''s address', 'SELECT :ruleId AS ruleId,:ruleTitle AS ruleTitle,:ruleCode AS ruleCode,:ruleExp AS ruleExp, tx.id AS transactionId, tx.job_id FROM transaction tx JOIN employee_master_ledger eml ON(tx.employee_master_ledger_FK = eml.id) WHERE eml.employee_address IN(SELECT vml.entity_address FROM vendor_master_ledger vml) AND tx.job_Id = :jobId  ', ' WHERE (vendor_master_ledger.entity_address  =  employee_master_ledger.employee_address   ) AND tx.job_id = ?');
INSERT INTO  `rule` (`id`, `is_active`, `rule_code`, `rule_explanation`, `rule_title`, `select_clause`, `where_clause` ) VALUES (4, 1, 'WKND', 'Identify "Entity Name" receiving payments on weekends or holidays "Transaction Date" (weekend and holidays adjusted for geographic location)', 'Transaction entered into or paid on weekends or holidays', 'SELECT :ruleId AS ruleId,:ruleTitle AS ruleTitle,:ruleCode AS ruleCode,:ruleExp AS ruleExp, tx.id AS transactionId, tx.job_id FROM transaction tx LEFT JOIN region cnt ON (cnt.id = 162) LEFT JOIN weekend wknd ON (wknd.id = cnt.weekend_id) WHERE (DATE_FORMAT(tx.transaction_date, ''%Y-%m-%d'') IN (SELECT DATE_FORMAT( holiday_date, ''%Y-%m-%d'') FROM holiday) OR DATE_FORMAT( tx.transaction_date, ''%W'') IN (wknd.day_one, wknd.day_two)) AND tx.job_Id = :jobId', 'WHERE tx.job_id = ? AND (DATE_FORMAT(tx.transaction_date, ''%Y-%m-%d'') IN ( SELECT  DATE_FORMAT(holiday_date, ''%Y-%m-%d'')  FROM holiday) OR DATE_FORMAT(tx.transaction_date, ''%W'') in (wknd.day_one,wknd.day_two))');
INSERT INTO  `rule` (`id`, `is_active`, `rule_code`, `rule_explanation`, `rule_title`, `select_clause`, `where_clause` ) VALUES (5, 1, 'DONP', 'Identify transaction with "Entity Name" classified as/appearing on "Do Not Use/Do Not Pay" or "Inactive" lists', 'Transaction with entity "Do Not Use/Do Not Pay" or "Inactive', 'SELECT :ruleId AS ruleId,:ruleTitle AS ruleTitle,:ruleCode AS ruleCode,:ruleExp AS ruleExp, tx.id AS transactionId, tx.job_id FROM transaction tx JOIN  vendor_master_ledger vm ON ( vm.id = tx.vendor_master_ledger_FK) where (entity_status = ''inactive'' or entity_status = ''Do not pay'') AND tx.job_Id = :jobId', 'WHERE (( cml.entity_status LIKE ''%Do Not Use%'' OR cml.entity_status LIKE ''%Do Not Pay%'' OR cml.entity_status LIKE ''%Inactive%'') OR ( vml.entity_status LIKE ''%Do Not Use%'' OR vml.entity_status LIKE ''%Do Not pay%''   OR vml.entity_status LIKE ''%Inactive%'')) AND tx.job_id = ? ');
INSERT INTO  `rule` (`id`, `is_active`, `rule_code`, `rule_explanation`, `rule_title`, `select_clause`, `where_clause` ) VALUES (6, 1, 'WADDR', 'Indentify transaction with "Entity Name" where "Entity Address" is blank.All relevant address fields must be completed. ', 'Transaction with entity without address (no physical address in any master file)', 'SELECT :ruleId AS ruleId,:ruleTitle AS ruleTitle,:ruleCode AS ruleCode,:ruleExp AS ruleExp, tx.id AS transactionId, tx.job_id FROM transaction tx WHERE tx.employee_master_ledger_FK IS NULL AND tx.vendor_master_ledger_FK IS NULL AND tx.job_Id = :jobId', 'WHERE ( (vm.entity_address IS NULL AND cm.entity_address IS NULL ) OR ( vm.entity_address = '''' AND cm.entity_address = '''') ) AND tx.JOB_ID = ?;');
INSERT INTO  `rule` (`id`, `is_active`, `rule_code`, `rule_explanation`, `rule_title`, `select_clause`, `where_clause` ) VALUES (7, 1, 'COAD', 'Indentify transaction with "Entity Name" where "Entity Address" contains "care of," "C/O"', 'Transaction with entity address containing "care of," "C/O"', 'SELECT :ruleId AS ruleId,:ruleTitle AS ruleTitle,:ruleCode AS ruleCode,:ruleExp AS ruleExp, tx.id AS transactionId, tx.job_id FROM transaction tx JOIN  vendor_master_ledger vm ON ( vm.id = tx.vendor_master_ledger_FK) WHERE (vm.entity_address LIKE ''%care of%'' OR vm.entity_address LIKE ''%C/O%'' OR vm.entity_address LIKE ''%C. O%'' ) AND tx.job_Id = :jobId UNION SELECT :ruleId    AS ruleId, :ruleTitle AS ruleTitle, :ruleCode  AS ruleCode, :ruleExp   AS ruleExp, tx.id AS transactionId, tx.job_id FROM transaction tx JOIN  employee_master_ledger cm ON ( cm.id = tx.employee_master_ledger_FK) WHERE (cm.employee_address LIKE ''%care of%'' OR cm.employee_address LIKE ''%C/O%'' OR cm.employee_address LIKE ''%C. O%'' ) AND tx.job_Id =:jobId', 'WHERE (vm.entity_address LIKE ''%care of%'' OR cm.entity_address LIKE ''%care of%'' OR vm.entity_address LIKE ''%C/O%'' OR cm.entity_address LIKE ''%C/O%'' OR vm.entity_address1 LIKE ''%care of%'' OR cm.entity_address1 LIKE ''%care of%'' OR vm.entity_address1 LIKE ''%C/O%'' OR cm.entity_address1 LIKE ''%C/O%'' ) AND tx.job_Id = ?;');
INSERT INTO  `rule` (`id`, `is_active`, `rule_code`, `rule_explanation`, `rule_title`, `select_clause`, `where_clause` ) VALUES (8, 1, 'POADD', 'Indentify "Entity Name" with "Entity Address" containing PO Box address', 'Transaction with entity with PO Box address only (no physical address in any master file)', 'SELECT :ruleId AS ruleId ,:ruleTitle AS ruleTitle ,:ruleCode AS ruleCode ,:ruleExp AS ruleExp ,tx.id AS transactionId, tx.job_id FROM transaction tx JOIN vendor_master_ledger vm ON( vm.id = tx.vendor_master_ledger_FK) WHERE (vm.entity_address LIKE ''%pobox%'' OR vm.entity_address LIKE ''%po box%'' OR vm.entity_address LIKE ''%P.O%'' OR vm.entity_address LIKE ''%p o%'' ) AND tx.job_Id =:jobId UNION SELECT :ruleId AS ruleId ,:ruleTitle AS ruleTitle ,:ruleCode AS ruleCode ,:ruleExp AS ruleExp ,tx.id AS transactionId, tx.job_id FROM transaction tx JOIN employee_master_ledger cm ON( cm.id = tx.employee_master_ledger_FK) WHERE (cm.employee_address LIKE ''%poboxf%'' OR cm.employee_address LIKE ''%po box%'' OR cm.employee_address LIKE ''%P.O%'' OR cm.employee_address LIKE  ''%p o%'' ) AND tx.job_Id =:jobId', 'WHERE  ( (( vm.entity_address LIKE ''%P.O.%'' OR vm.entity_address LIKE ''%pobox%'' OR vm.entity_address LIKE ''%po box%'' OR vm.entity_address LIKE ''%p o%'' ) ) OR (( cm.entity_address LIKE ''%P.O.%'' OR cm.entity_address LIKE ''%pobox%'' OR cm.entity_address LIKE ''%po box%'' OR cm.entity_address LIKE ''%p o%'' ) ) ) AND tx.job_Id = ?;');
INSERT INTO  `rule` (`id`, `is_active`, `rule_code`, `rule_explanation`, `rule_title`, `select_clause`, `where_clause` ) VALUES (9, 1, 'OFAC', 'Identify transaction with "Entity Name" classified as/appearing on OFAC Specially Designated Nationals list', 'Transaction with entity (including narrative of transaction) appearing on OFAC ', 'SELECT :ruleId AS ruleId ,:ruleTitle AS ruleTitle ,:ruleCode AS ruleCode ,:ruleExp AS ruleExp ,tx.id AS transactionId, tx.job_id FROM transaction tx JOIN  vendor_master_ledger vm ON ( vm.id = tx.vendor_master_ledger_FK) where (entity_status = ''OFAC'' or entity_status = ''PEP'') AND tx.job_Id = :jobId', '');
INSERT INTO  `rule` (`id`, `is_active`, `rule_code`, `rule_explanation`, `rule_title`, `select_clause`, `where_clause` ) VALUES (10, 1, 'RTA', 'Identify round "Transaction Amount" e.g., 1,000, 2,000 etc. ', 'Round transaction amount', 'SELECT :ruleId AS ruleId ,:ruleTitle AS ruleTitle ,:ruleCode AS ruleCode ,:ruleExp AS ruleExp ,tx.id AS transactionId, tx.job_id FROM transaction tx WHERE (tx.amount MOD 1000) = 0  AND tx.job_Id = :jobId', '');
INSERT INTO  `rule` (`id`, `is_active`, `rule_code`, `rule_explanation`, `rule_title`, `select_clause`, `where_clause` ) VALUES (11, 1, 'GTSN', 'Identify transaction with same narrative', '	Multiple transactions with same narrative', 'SELECT :ruleId AS ruleId ,:ruleTitle AS ruleTitle ,:ruleCode AS ruleCode ,:ruleExp AS ruleExp ,tx.id AS transactionId, tx.job_id FROM transaction tx INNER JOIN (fund_disbursement_ledger fdl INNER JOIN (SELECT trx.id, transactionNarrativeOrDescription from transaction trx JOIN fund_disbursement_ledger fdli ON (trx.id = fdli.transaction_fk) WHERE  transactionNarrativeOrDescription != '''' AND transactionNarrativeOrDescription IS NOT NULL GROUP BY transactionNarrativeOrDescription HAVING COUNT(fdli.id) > 1 ) temp ON levenshtein_ratio(TRIM(fdl.transactionNarrativeOrDescription), temp.transactionNarrativeOrDescription) > 64) ON tx.id = fdl.transaction_fk WHERE tx.job_Id = :jobId', '');

INSERT INTO `weekend` (`id`, `created`, `created_by`, `modified`, `modified_by`, `day_one`, `day_two`) VALUES (1, '2014-01-01 18:42:20', 'admin', '2014-01-01 18:44:46', 'admin', 'Saturday', 'Sunday');

INSERT INTO `holiday` (`id`, `created`, `created_by`, `modified`, `modified_by`, `description`, `holiday_date`, `region_id`) VALUES
(1, '2014-01-13 18:49:44', 'admin', NULL, NULL, 'New Year''s Day', '2013-01-01 00:00:00', 162),
(2, '2014-01-13 18:50:06', 'admin', NULL, NULL, 'Martin Luther King Day', '2013-01-21 00:00:00', 162),
(3, '2014-01-13 18:55:28', 'admin', NULL, NULL, 'Presidents'' Day (Washington''s Birthday)', '2013-02-18 00:00:00', 162),
(4, '2014-01-13 18:57:44', 'admin', NULL, NULL, 'Memorial Day', '2013-05-27 00:00:00', 162),
(6, '2014-01-13 18:59:43', 'admin', NULL, NULL, 'Independence Day', '2013-07-04 00:00:00', 162),
(7, '2014-01-13 19:00:08', 'admin', NULL, NULL, 'Labor Day', '2013-09-02 00:00:00', 162),
(8, '2014-01-13 19:00:26', 'admin', NULL, NULL, 'Columbus Day', '2013-10-12 00:00:00', 162),
(9, '2014-01-13 19:00:45', 'admin', NULL, NULL, 'Veterans Day', '2013-10-28 00:00:00', 162),
(10, '2014-01-13 19:01:05', 'admin', NULL, NULL, 'Thanksgiving Day', '2013-11-28 00:00:00', 162),
(11, '2014-01-13 19:01:17', 'admin', NULL, NULL, 'Christmas Day', '2013-12-25 00:00:00', 162),
(12, '2014-01-13 19:01:28', 'admin', NULL, NULL, 'New Year''s Eve', '2013-12-31 00:00:00', 162);



# updated by amjad at Wed May  7 16:20:08 BDT 2014
UPDATE `employee_master_ledger` SET `end_date` = NULL WHERE `employee_master_ledger`.`end_date` = '0000-00-00 00:00:00';


# inserting training #
INSERT INTO `training` (`id`, `created`, `created_by`, `modified`, `modified_by`, `author`, `comment`, `document_name`, `entry_time`, `file_icon_location`, `file_location`, `file_name`, `training_type`, `audiance_code`, `implemented_date`, `no_of_question`, `pass_number`) VALUES
(8, '2014-03-19 02:05:58', 'admin', '2014-04-22 19:40:46', 'admin', 'admin', NULL, 'FCPA Training Course', '2014-03-19 02:05:58', '/resources/images/notepad-icon-.png', '/home/dsi/uploadFiles/trainings/1395173158606_FCPA Training.pptx', 'FCPA Training.pptx', 'Legal', 1, NULL, 10, 5);

# inserting training questions #
INSERT INTO `training_question` (`id`, `created`, `created_by`, `modified`, `modified_by`, `correct_option`, `question_order`, `text`, `training_id`) VALUES
(6, '2014-04-18 17:32:50', 'admin', '2014-04-18 17:32:51', 'admin', 24, 0, 'What activities are specifically prohibited by the FCPA?', 8),
(7, '2014-04-18 17:33:41', 'admin', '2014-04-18 17:33:42', 'admin', 28, 0, 'What types of payments are prohibited by the FCPA?', 8),
(8, '2014-04-18 17:34:25', 'admin', '2014-04-18 17:34:25', 'admin', 32, 0, 'Which one of the following individuals would be considered a government official under the FCPA?', 8),
(9, '2014-04-18 17:35:26', 'admin', '2014-04-18 17:35:26', 'admin', 35, 0, 'Under what circumstances would the Company be liable for the acts of its Third Parties?', 8),
(10, '2014-04-18 17:36:17', 'admin', '2014-04-18 17:36:18', 'admin', 38, 0, 'Which of the following would be considered a red flag when deciding whether to hire an agent or third party?', 8),
(11, '2014-04-18 17:38:48', 'admin', '2014-04-18 17:38:49', 'admin', 43, 0, 'XYZ Gear, a U.S. clothing company, needs a license to open a store in a South American country. Although the license is routinely granted, the licensing agency can and sometimes does deny it. And actually getting the license can take several weeks or longer. An agency official offers to issue the license to XYZ within two days for a small "processing fee" of $50. Would this payment be permitted under the FCPA? ', 8),
(12, '2014-04-18 17:39:44', 'admin', '2014-04-18 17:39:44', 'admin', 45, 0, ' James, a Spanish citizen, works in the United States as the head of marketing for SpainCorp, a large Spanish company traded on NASDAQ. He learns that SpainCorp will win a large contract in North Africa if he approves a $200,000 payment to the responsible government official. What can Juan do under the FCPA? ', 8),
(13, '2014-04-18 17:40:44', 'admin', '2014-04-18 17:40:45', 'admin', 50, 0, 'You work for U.S. Electronics and have heard from a reliable source that one of your sales representatives in a Middle Eastern country gets some of his customers by paying bribes. You don''t look into it further because the representative''s sales are so high, and the country has a reputation for being corrupt. Can you and U.S. Electronics be penalized for violating the FCPA if it turns out that the sales representative has paid bribes? ', 8),
(14, '2014-04-18 17:41:50', 'admin', '2014-04-18 17:41:51', 'admin', 56, 0, 'Your company, based in the United States, has just won a substantial government contract in a foreign country. At the request of the government official in charge of the project, and as a condition of the deal, your company''s foreign sales representative hires Mara, the official''s daughter.  Under the FCPA, Mara''s hiring is probably: ', 8),
(15, '2014-04-18 17:42:49', 'admin', '2014-04-18 17:42:50', 'admin', 57, 0, 'WorldWide wants to sell clothing in a foreign country and is looking for a sales representative. A potential customer in the area highly recommends Daphne, who has the best sales record in the region. Daphne demands twice the standard commission, but WorldWide hires her anyway. Later, Daphne uses part of her hefty commission to pay a bribe to a government official. WorldWide may be guilty of violating the FCPA: ', 8);

# inserting training questions answer #


INSERT INTO `training_question_answer` (`id`, `created`, `created_by`, `modified`, `modified_by`, `is_correct`, `option_order`, `option_text`, `training_question_id`) VALUES
(21, '2014-04-18 17:32:51', 'admin', NULL, NULL, b'0', 1, 'a. Bribes', 6),
(22, '2014-04-18 17:32:51', 'admin', NULL, NULL, b'0', 2, 'b. Political Contributions', 6),
(23, '2014-04-18 17:32:51', 'admin', NULL, NULL, b'0', 3, 'c. Charitable Contributions', 6),
(24, '2014-04-18 17:32:51', 'admin', NULL, NULL, b'1', 4, 'd. All of the above', 6),
(25, '2014-04-18 17:33:41', 'admin', NULL, NULL, b'0', 1, 'a. Payment of money only.', 7),
(26, '2014-04-18 17:33:41', 'admin', NULL, NULL, b'0', 2, 'b. Giving gifts only', 7),
(27, '2014-04-18 17:33:41', 'admin', NULL, NULL, b'0', 3, 'c. Personal favors only', 7),
(28, '2014-04-18 17:33:41', 'admin', NULL, NULL, b'1', 4, 'd. Anything of value.', 7),
(29, '2014-04-18 17:34:25', 'admin', NULL, NULL, b'0', 1, 'a. an officer, employee or representative of a government.', 8),
(30, '2014-04-18 17:34:25', 'admin', NULL, NULL, b'0', 2, 'b. a person acting in an official capacity for and on behalf of a public international organization', 8),
(31, '2014-04-18 17:34:25', 'admin', NULL, NULL, b'0', 3, 'c. consultants who hold government positions.', 8),
(32, '2014-04-18 17:34:25', 'admin', NULL, NULL, b'1', 4, 'd. All of the above.', 8),
(33, '2014-04-18 17:35:26', 'admin', NULL, NULL, b'0', 1, 'a. If the Company had prior knowledge of or should reasonably have known about the bribes.', 9),
(34, '2014-04-18 17:35:26', 'admin', NULL, NULL, b'0', 2, 'b. If the circumstances indicate that the Company ignored conduct that violated the Anti-Bribery Laws.', 9),
(35, '2014-04-18 17:35:26', 'admin', NULL, NULL, b'1', 3, 'c. Both A and B.', 9),
(36, '2014-04-18 17:35:26', 'admin', NULL, NULL, b'0', 4, 'd. Neither A nor B. A company is never liable for the acts of third parties. ', 9),
(37, '2014-04-18 17:36:17', 'admin', NULL, NULL, b'0', 1, 'a. The agent or third party has a reputation for ethical conduct.', 10),
(38, '2014-04-18 17:36:17', 'admin', NULL, NULL, b'1', 2, 'b. The agent or third party requests for unusually large commissions or other payments; or requests that payments be made in cash,  or in goods and services.', 10),
(39, '2014-04-18 17:36:17', 'admin', NULL, NULL, b'0', 3, 'c. The agent or third party has the necessary staff, facilities, or expertise.', 10),
(40, '2014-04-18 17:36:18', 'admin', NULL, NULL, b'0', 4, 'd. None of the above.', 10),
(41, '2014-04-18 17:38:48', 'admin', NULL, NULL, b'0', 1, 'a. Probably, because this type of license is routinely granted.', 11),
(42, '2014-04-18 17:38:48', 'admin', NULL, NULL, b'0', 2, 'b. Probably, because companies typically pay this fee.', 11),
(43, '2014-04-18 17:38:49', 'admin', NULL, NULL, b'1', 3, 'c. Probably not, because the government agency has discretion to issue or deny the license.', 11),
(44, '2014-04-18 17:38:49', 'admin', NULL, NULL, b'0', 4, 'd. Probably not, because companies can never make any payments to foreign government agencies or officials.', 11),
(45, '2014-04-18 17:39:44', 'admin', NULL, NULL, b'1', 1, 'a. Nothing â?? Juan must refuse to send the payment.', 12),
(46, '2014-04-18 17:39:44', 'admin', NULL, NULL, b'0', 2, 'b. Send the payment, because the FCPA doesn''t cover foreign individuals or companies.', 12),
(47, '2014-04-18 17:39:44', 'admin', NULL, NULL, b'0', 3, 'c. Telephone a SpainCorp representative in North Africa and tell him to handle the deal, because the FCPA doesn''t apply outside the United States.', 12),
(48, '2014-04-18 17:39:44', 'admin', NULL, NULL, b'0', 4, 'd. Document the payment as a miscellaneous expense before approving the deal. ', 12),
(49, '2014-04-18 17:40:44', 'admin', NULL, NULL, b'0', 1, 'a. Yes, because your company shouldn''t be doing business in a corrupt country.', 13),
(50, '2014-04-18 17:40:44', 'admin', NULL, NULL, b'1', 2, 'b. Yes, because you and your company had reason to believe that a bribe might have been paid on the company''s behalf. ', 13),
(51, '2014-04-18 17:40:45', 'admin', NULL, NULL, b'0', 3, 'c. No, because the company didn''t authorize the sales representative to pay bribes.', 13),
(52, '2014-04-18 17:40:45', 'admin', NULL, NULL, b'0', 4, 'd. No, because the company didn''t have any hard evidence that a bribe had been paid.', 13),
(53, '2014-04-18 17:41:50', 'admin', NULL, NULL, b'0', 1, 'a. legal, because your company''s sales representative can hire anyone he chooses outside the United States.', 14),
(54, '2014-04-18 17:41:50', 'admin', NULL, NULL, b'0', 2, 'b. legal, because she isn''t a foreign official.', 14),
(55, '2014-04-18 17:41:51', 'admin', NULL, NULL, b'0', 3, 'c. illegal, because relatives of a foreign official can never be hired.', 14),
(56, '2014-04-18 17:41:51', 'admin', NULL, NULL, b'1', 4, 'd. illegal, because Mara''s employment would be a bribe.', 14),
(57, '2014-04-18 17:42:49', 'admin', NULL, NULL, b'1', 1, 'a. regardless of whether the company knew about the bribe.', 15),
(58, '2014-04-18 17:42:50', 'admin', NULL, NULL, b'0', 2, 'b. only if Daphne had signed a written agreement to comply with the FCPA. ', 15),
(59, '2014-04-18 17:42:50', 'admin', NULL, NULL, b'0', 3, 'c. only if the country is known for corruption.', 15),
(60, '2014-04-18 17:42:50', 'admin', NULL, NULL, b'0', 4, 'd. only if it authorized Daphne to make the payment.', 15);


INSERT INTO `policy` (`id`, `created`, `created_by`, `modified`, `modified_by`, `audiance_code`, `author`, `comment`, `document_name`, `entry_time`, `file_icon_location`, `file_location`, `file_name`, `implemented_date`, `policy_type`) VALUES
(1, '2014-05-09 16:17:29', 'admin', NULL, NULL, 1, 'admin', NULL, 'Global Travel Policy', '2014-05-09 16:17:29', '/resources/images/docx.png', '/home/dsi/uploadFiles/policies/1399630649651_Global Travel Plicy.docx', 'Global Travel Plicy.docx', '2014-05-09 00:00:00', 'Finance'),
(2, '2014-05-09 16:18:41', 'admin', NULL, NULL, 1, 'admin', NULL, 'T&E management policy', '2014-05-09 16:18:41', '/resources/images/docx.png', '/home/dsi/uploadFiles/policies/1399630721968_T&E management policy.docx', 'T&E management policy.docx', '2014-05-09 00:00:00', 'Finance'),
(3, '2014-05-09 16:20:14', 'admin', NULL, NULL, 0, 'admin', NULL, ' OrganizationalCodeofConductExample', '2014-05-09 16:20:14', '/resources/images/pdf.png', '/home/dsi/uploadFiles/policies/1399630814223_OrganizationalCodeofConductExample.pdf', 'OrganizationalCodeofConductExample.pdf', '2014-05-09 00:00:00', 'Legal');


UPDATE `vendor_master_ledger` SET `currency` = NULL WHERE `vendor_master_ledger`.`id` >=1;
UPDATE `vendor_master_ledger` SET `entity_type` = NULL WHERE `vendor_master_ledger`.`id` >=1;
UPDATE `vendor_master_ledger` SET `paymentMethod` = NULL WHERE `vendor_master_ledger`.`id` >=1;

